track_name,time,geometry,dist_m,time_diff_s,speed_kmh,speed_kmh_smooth,hour_min,segment_name
TRACKWAY1_going-in-bird-nest-counting.gpx,2026-04-07T06:56:57Z,"c(34.383412, -18.918719)",11.663185503308867,11,3.8170425283556297,4.016119232707966,06:56,1. Going In
TRACKWAY1_going-in-bird-nest-counting.gpx,2026-04-07T06:57:06Z,"c(34.383431, -18.918615)",11.73572023319269,9,4.694288093277076,4.5313966605829314,06:57,1. Going In
TRACKWAY1_going-in-bird-nest-counting.gpx,2026-04-07T06:57:15Z,"c(34.383407, -18.918503)",12.707148400290226,9,5.08285936011609,4.920927619940585,06:57,1. Going In
TRACKWAY1_going-in-bird-nest-counting.gpx,2026-04-07T06:57:21Z,"c(34.383418, -18.918429)",8.309392344047648,6,4.985635406428589,4.870131364581237,06:57,1. Going In
TRACKWAY1_going-in-bird-nest-counting.gpx,2026-04-07T06:57:27Z,"c(34.383452, -18.918369)",7.569832211998387,6,4.541899327199032,5.262762755984205,06:57,1. Going In
TRACKWAY1_going-in-bird-nest-counting.gpx,2026-04-07T06:57:45Z,"c(34.383639, -18.91815)",31.303767671624982,18,6.260753534324996,5.886115117427479,06:57,1. Going In
TRACKWAY1_going-in-bird-nest-counting.gpx,2026-04-07T06:57:56Z,"c(34.383737, -18.917986)",20.94794927731736,11,6.8556924907584085,7.3274833648745865,06:57,1. Going In
TRACKWAY1_going-in-bird-nest-counting.gpx,2026-04-07T06:58:06Z,"c(34.383823, -18.91778)",24.627789082056537,10,8.866004069540354,8.755168976801968,06:58,1. Going In
TRACKWAY1_going-in-bird-nest-counting.gpx,2026-04-07T06:58:15Z,"c(34.383947, -18.917574)",26.359525925267853,9,10.543810370107142,8.453156038275704,06:58,1. Going In
TRACKWAY1_going-in-bird-nest-counting.gpx,2026-04-07T06:58:17Z,"c(34.38393, -18.917549)",3.305363152877565,2,5.949653675179618,11.079917559991825,06:58,1. Going In
TRACKWAY1_going-in-bird-nest-counting.gpx,2026-04-07T06:58:18Z,"c(34.383946, -18.91751)",4.651746842969088,1,16.746288634688717,12.704768243994263,06:58,1. Going In
TRACKWAY1_going-in-bird-nest-counting.gpx,2026-04-07T06:58:23Z,"c(34.384088, -18.917372)",21.41439225293674,5,15.418362422114454,14.41928104514496,06:58,1. Going In
TRACKWAY1_going-in-bird-nest-counting.gpx,2026-04-07T06:58:36Z,"c(34.384294, -18.917069)",40.05874917283673,13,11.09319207863171,12.230468148980655,06:58,1. Going In
TRACKWAY1_going-in-bird-nest-counting.gpx,2026-04-07T06:59:04Z,"c(34.384606, -18.916421)",79.17661069263401,28,10.179849946195803,10.084334347744905,06:59,1. Going In
TRACKWAY1_going-in-bird-nest-counting.gpx,2026-04-07T06:59:19Z,"c(34.384716, -18.916101)",37.41650424336334,15,8.979961018407202,8.249153340748391,06:59,1. Going In
TRACKWAY1_going-in-bird-nest-counting.gpx,2026-04-07T06:59:49Z,"c(34.384811, -18.915692)",46.56374214701806,30,5.587649057642167,6.303418302852024,06:59,1. Going In
TRACKWAY1_going-in-bird-nest-counting.gpx,2026-04-07T06:59:59Z,"c(34.384847, -18.915589)",12.06290231251862,10,4.3426448325067035,4.957935617511024,06:59,1. Going In
TRACKWAY1_going-in-bird-nest-counting.gpx,2026-04-07T07:00:02Z,"c(34.384849, -18.915552)",4.119594135320167,3,4.9435129623842,4.695501112950273,07:00,1. Going In
TRACKWAY1_going-in-bird-nest-counting.gpx,2026-04-07T07:00:30Z,"c(34.384934, -18.915226)",37.336020897466014,28,4.800345543959916,6.986860611880607,07:00,1. Going In
TRACKWAY1_going-in-bird-nest-counting.gpx,2026-04-07T07:00:38Z,"c(34.385011, -18.915014)",24.926051842883787,8,11.216723329297704,13.009622181959251,07:00,1. Going In
TRACKWAY1_going-in-bird-nest-counting.gpx,2026-04-07T07:00:40Z,"c(34.385065, -18.914911)",12.78433204034452,2,23.011797672620137,20.96071937749521,07:00,1. Going In
TRACKWAY1_going-in-bird-nest-counting.gpx,2026-04-07T07:00:44Z,"c(34.385133, -18.914632)",31.837374589519765,4,28.653637130567787,29.480207732235527,07:00,1. Going In
TRACKWAY1_going-in-bird-nest-counting.gpx,2026-04-07T07:00:48Z,"c(34.385178, -18.914267)",40.86132043724296,4,36.77518839351866,35.16380085315602,07:00,1. Going In
TRACKWAY1_going-in-bird-nest-counting.gpx,2026-04-07T07:00:52Z,"c(34.385195, -18.913867)",44.51397448375735,4,40.062577035381615,39.48194555006505,07:00,1. Going In
TRACKWAY1_going-in-bird-nest-counting.gpx,2026-04-07T07:00:59Z,"c(34.385164, -18.91314)",80.90458293029559,7,41.60807122129487,41.100761835890744,07:00,1. Going In
TRACKWAY1_going-in-bird-nest-counting.gpx,2026-04-07T07:01:02Z,"c(34.385165, -18.912828)",34.69303104249645,3,41.631637250995745,41.63689683161771,07:01,1. Going In
TRACKWAY1_going-in-bird-nest-counting.gpx,2026-04-07T07:01:10Z,"c(34.385237, -18.911998)",92.60218227236115,8,41.67098202256252,41.42238421091724,07:01,1. Going In
TRACKWAY1_going-in-bird-nest-counting.gpx,2026-04-07T07:01:13Z,"c(34.385274, -18.911693)",34.13711113266121,3,40.96453335919345,41.4754417116276,07:01,1. Going In
TRACKWAY1_going-in-bird-nest-counting.gpx,2026-04-07T07:01:16Z,"c(34.385328, -18.911384)",34.825674794272366,3,41.790809753126844,41.34509080053834,07:01,1. Going In
TRACKWAY1_going-in-bird-nest-counting.gpx,2026-04-07T07:01:20Z,"c(34.38547, -18.910994)",45.86658809921636,4,41.27992928929472,41.28975486659878,07:01,1. Going In
TRACKWAY1_going-in-bird-nest-counting.gpx,2026-04-07T07:01:23Z,"c(34.385551, -18.910698)",33.99877129781231,3,40.798525557374774,40.95561597004798,07:01,1. Going In
TRACKWAY1_going-in-bird-nest-counting.gpx,2026-04-07T07:01:26Z,"c(34.385601, -18.910396)",33.990327552895366,3,40.788393063474444,40.57721130043462,07:01,1. Going In
TRACKWAY1_going-in-bird-nest-counting.gpx,2026-04-07T07:01:30Z,"c(34.385633, -18.909996)",44.605239200505146,4,40.14471528045463,40.28779380456815,07:01,1. Going In
TRACKWAY1_going-in-bird-nest-counting.gpx,2026-04-07T07:01:38Z,"c(34.385631, -18.909198)",88.73394015505642,8,39.93027306977539,39.97888473041918,07:01,1. Going In
TRACKWAY1_going-in-bird-nest-counting.gpx,2026-04-07T07:01:47Z,"c(34.385733, -18.908307)",99.6541646025688,9,39.861665841027516,39.95762136790514,07:01,1. Going In
TRACKWAY1_going-in-bird-nest-counting.gpx,2026-04-07T07:01:49Z,"c(34.385771, -18.90811)",22.26718066272917,2,40.08092519291251,39.92906939740873,07:01,1. Going In
TRACKWAY1_going-in-bird-nest-counting.gpx,2026-04-07T07:01:54Z,"c(34.385889, -18.907625)",55.339746053175226,5,39.84461715828617,46.70391412442599,07:01,1. Going In
TRACKWAY1_going-in-bird-nest-counting.gpx,2026-04-07T07:01:56Z,"c(34.385945, -18.907329)",33.436777790044054,2,60.1862000220793,46.58334170926691,07:01,1. Going In
TRACKWAY1_going-in-bird-nest-counting.gpx,2026-04-07T07:02:03Z,"c(34.386029, -18.906639)",77.2317932311241,7,39.71920794743526,46.55720057495454,07:02,1. Going In
TRACKWAY1_going-in-bird-nest-counting.gpx,2026-04-07T07:02:12Z,"c(34.386119, -18.905749)",99.41548438837269,9,39.76619375534908,35.18985171301262,07:02,1. Going In
TRACKWAY1_going-in-bird-nest-counting.gpx,2026-04-07T07:02:15Z,"c(34.386163, -18.905558)",21.73679453021128,3,26.084153436253537,35.498310538271795,07:02,1. Going In
TRACKWAY1_going-in-bird-nest-counting.gpx,2026-04-07T07:02:17Z,"c(34.386185, -18.905356)",22.58032467956265,2,40.64458442321277,35.318504800359136,07:02,1. Going In
TRACKWAY1_going-in-bird-nest-counting.gpx,2026-04-07T07:02:22Z,"c(34.386278, -18.904874)",54.48163408557097,5,39.226776541611095,39.94507448021842,07:02,1. Going In
TRACKWAY1_going-in-bird-nest-counting.gpx,2026-04-07T07:02:27Z,"c(34.386389, -18.904386)",55.50536454976584,5,39.963862475831405,39.5925170356537,07:02,1. Going In
TRACKWAY1_going-in-bird-nest-counting.gpx,2026-04-07T07:02:35Z,"c(34.386594, -18.903619)",87.97091575448579,8,39.586912089518606,39.65354539935502,07:02,1. Going In
TRACKWAY1_going-in-bird-nest-counting.gpx,2026-04-07T07:02:42Z,"c(34.386789, -18.902955)",76.63028650805701,7,39.409861632715035,39.656457804207875,07:02,1. Going In
TRACKWAY1_going-in-bird-nest-counting.gpx,2026-04-07T07:02:55Z,"c(34.387195, -18.901715)",144.34549888196386,13,39.97259969038999,39.77611051774644,07:02,1. Going In
TRACKWAY1_going-in-bird-nest-counting.gpx,2026-04-07T07:03:02Z,"c(34.387385, -18.90104)",77.67252544748335,7,39.9458702301343,40.02927269223995,07:03,1. Going In
TRACKWAY1_going-in-bird-nest-counting.gpx,2026-04-07T07:03:06Z,"c(34.387505, -18.900655)",44.63260906243952,4,40.16934815619557,40.003588702909816,07:03,1. Going In
TRACKWAY1_going-in-bird-nest-counting.gpx,2026-04-07T07:03:11Z,"c(34.387683, -18.900186)",55.41048294777721,5,39.89554772239959,39.94256183354071,07:03,1. Going In
TRACKWAY1_going-in-bird-nest-counting.gpx,2026-04-07T07:03:14Z,"c(34.387814, -18.899915)",33.1356580183558,3,39.76278962202696,39.873542223385385,07:03,1. Going In
TRACKWAY1_going-in-bird-nest-counting.gpx,2026-04-07T07:03:18Z,"c(34.388021, -18.899567)",44.40254369525512,4,39.96228932572961,39.24077541225216,07:03,1. Going In
TRACKWAY1_going-in-bird-nest-counting.gpx,2026-04-07T07:03:23Z,"c(34.388291, -18.899167)",52.77395456805545,5,37.99724728899992,35.8596802738326,07:03,1. Going In
TRACKWAY1_going-in-bird-nest-counting.gpx,2026-04-07T07:03:27Z,"c(34.388448, -18.898911)",32.91056022974252,4,29.61950420676827,28.605298651379567,07:03,1. Going In
TRACKWAY1_going-in-bird-nest-counting.gpx,2026-04-07T07:03:32Z,"c(34.388554, -18.898707)",25.2765895255146,5,18.19914445837051,19.237833442030187,07:03,1. Going In
TRACKWAY1_going-in-bird-nest-counting.gpx,2026-04-07T07:03:46Z,"c(34.388688, -18.898385)",38.47997868147914,14,9.894851660951778,12.633267871159768,07:03,1. Going In
TRACKWAY1_going-in-bird-nest-counting.gpx,2026-04-07T07:03:56Z,"c(34.388804, -18.898166)",27.23835415043615,10,9.805807494157015,9.814223139772372,07:03,1. Going In
TRACKWAY1_going-in-bird-nest-counting.gpx,2026-04-07T07:04:02Z,"c(34.388882, -18.89804)",16.236683773680536,6,9.742010264208322,10.049824508593268,07:04,1. Going In
TRACKWAY1_going-in-bird-nest-counting.gpx,2026-04-07T07:04:13Z,"c(34.389055, -18.897799)",32.39394817821087,11,10.601655767414467,9.768541525426754,07:04,1. Going In
TRACKWAY1_going-in-bird-nest-counting.gpx,2026-04-07T07:04:27Z,"c(34.389212, -18.897523)",34.85206100700129,14,8.961958544657474,9.815133627878359,07:04,1. Going In
TRACKWAY1_going-in-bird-nest-counting.gpx,2026-04-07T07:04:49Z,"c(34.389441, -18.897025)",60.38869571510805,22,9.881786571563136,13.195982099030964,07:04,1. Going In
TRACKWAY1_going-in-bird-nest-counting.gpx,2026-04-07T07:05:04Z,"c(34.389699, -18.896287)",86.43417158696784,15,20.74420118087228,21.621823214593533,07:05,1. Going In
TRACKWAY1_going-in-bird-nest-counting.gpx,2026-04-07T07:05:10Z,"c(34.389846, -18.895793)",57.06580315224197,6,34.23948189134518,31.66907242494435,07:05,1. Going In
TRACKWAY1_going-in-bird-nest-counting.gpx,2026-04-07T07:05:20Z,"c(34.390152, -18.894836)",111.17648389615444,10,40.02353420261559,38.7837833827359,07:05,1. Going In
TRACKWAY1_going-in-bird-nest-counting.gpx,2026-04-07T07:05:23Z,"c(34.390237, -18.894531)",35.07361171187244,3,42.08833405424693,41.28811405656749,07:05,1. Going In
TRACKWAY1_going-in-bird-nest-counting.gpx,2026-04-07T07:05:29Z,"c(34.390442, -18.893936)",69.5874565213999,6,41.75247391283994,41.76146130469231,07:05,1. Going In
TRACKWAY1_going-in-bird-nest-counting.gpx,2026-04-07T07:05:32Z,"c(34.390527, -18.893636)",34.53631328915839,3,41.44357594699007,41.59810099435499,07:05,1. Going In
TRACKWAY1_going-in-bird-nest-counting.gpx,2026-04-07T07:05:34Z,"c(34.390569, -18.893432)",23.110140624019426,2,41.59825312323497,41.34732236003618,07:05,1. Going In
TRACKWAY1_going-in-bird-nest-counting.gpx,2026-04-07T07:05:36Z,"c(34.390598, -18.893229)",22.777854449935273,2,41.00013800988349,41.08353915548749,07:05,1. Going In
TRACKWAY1_going-in-bird-nest-counting.gpx,2026-04-07T07:05:45Z,"c(34.390676, -18.892318)",101.63056583336002,9,40.65222633334401,40.793864963715095,07:05,1. Going In
TRACKWAY1_going-in-bird-nest-counting.gpx,2026-04-07T07:05:47Z,"c(34.390702, -18.892116)",22.62735030439877,2,40.72923054791779,40.62452325782512,07:05,1. Going In
TRACKWAY1_going-in-bird-nest-counting.gpx,2026-04-07T07:05:51Z,"c(34.390773, -18.891717)",44.99123654690395,4,40.492112892213555,40.43381733131498,07:05,1. Going In
TRACKWAY1_going-in-bird-nest-counting.gpx,2026-04-07T07:06:00Z,"c(34.390978, -18.890837)",100.20027138453398,9,40.080108553813595,40.32114243250852,07:06,1. Going In
TRACKWAY1_going-in-bird-nest-counting.gpx,2026-04-07T07:06:07Z,"c(34.39116, -18.890152)",78.53845582235805,7,40.39120585149843,40.17905345444728,07:06,1. Going In
TRACKWAY1_going-in-bird-nest-counting.gpx,2026-04-07T07:06:11Z,"c(34.391246, -18.88976)",44.51760662003311,4,40.065845958029804,40.28499214921112,07:06,1. Going In
TRACKWAY1_going-in-bird-nest-counting.gpx,2026-04-07T07:06:18Z,"c(34.391361, -18.889062)",78.55152012964885,7,40.397924638105124,40.25021372676591,07:06,1. Going In
TRACKWAY1_going-in-bird-nest-counting.gpx,2026-04-07T07:06:25Z,"c(34.391489, -18.888368)",78.33558169142763,7,40.286870584162784,40.29935788344682,07:06,1. Going In
TRACKWAY1_going-in-bird-nest-counting.gpx,2026-04-07T07:06:36Z,"c(34.391646, -18.887273)",122.87390630799942,11,40.213278428072535,40.417343785086175,07:06,1. Going In
TRACKWAY1_going-in-bird-nest-counting.gpx,2026-04-07T07:06:41Z,"c(34.391735, -18.886771)",56.59983658753222,5,40.7518823430232,40.58915919639835,07:06,1. Going In
TRACKWAY1_going-in-bird-nest-counting.gpx,2026-04-07T07:06:50Z,"c(34.391943, -18.885875)",102.00579204524831,9,40.80231681809932,40.62797857620897,07:06,1. Going In
TRACKWAY1_going-in-bird-nest-counting.gpx,2026-04-07T07:06:58Z,"c(34.392101, -18.885083)",89.62163681667641,8,40.32973656750439,40.52084989827973,07:06,1. Going In
TRACKWAY1_going-in-bird-nest-counting.gpx,2026-04-07T07:07:07Z,"c(34.39225, -18.884185)",101.07624077308866,9,40.430496309235465,40.481885275198046,07:07,1. Going In
TRACKWAY1_going-in-bird-nest-counting.gpx,2026-04-07T07:07:12Z,"c(34.392346, -18.883685)",56.50753187340872,5,40.68542294885428,40.48887680191832,07:07,1. Going In
TRACKWAY1_going-in-bird-nest-counting.gpx,2026-04-07T07:07:17Z,"c(34.392475, -18.883196)",56.042654371757244,5,40.35071114766522,40.42075444424503,07:07,1. Going In
TRACKWAY1_going-in-bird-nest-counting.gpx,2026-04-07T07:07:34Z,"c(34.392962, -18.881551)",189.95672139324017,17,40.22612923621557,40.35309009688404,07:07,1. Going In
TRACKWAY1_going-in-bird-nest-counting.gpx,2026-04-07T07:07:39Z,"c(34.393098, -18.881062)",56.22559709273796,5,40.48242990677133,40.321816911900996,07:07,1. Going In
TRACKWAY1_going-in-bird-nest-counting.gpx,2026-04-07T07:07:46Z,"c(34.393265, -18.880376)",78.27728920805907,7,40.256891592716094,40.30568821535846,07:07,1. Going In
TRACKWAY1_going-in-bird-nest-counting.gpx,2026-04-07T07:07:55Z,"c(34.393498, -18.8795)",100.44435786646989,9,40.17774314658796,40.24510394450432,07:07,1. Going In
TRACKWAY1_going-in-bird-nest-counting.gpx,2026-04-07T07:07:59Z,"c(34.393586, -18.879106)",44.77853010467657,4,40.300677094208915,40.21372417370145,07:07,1. Going In
TRACKWAY1_going-in-bird-nest-counting.gpx,2026-04-07T07:08:03Z,"c(34.393661, -18.878711)",44.62528031145275,4,40.16275228030747,40.11043598760225,07:08,1. Going In
TRACKWAY1_going-in-bird-nest-counting.gpx,2026-04-07T07:08:06Z,"c(34.393704, -18.878415)",33.223232156908644,3,39.867878588290374,40.07489970914442,07:08,1. Going In
TRACKWAY1_going-in-bird-nest-counting.gpx,2026-04-07T07:08:13Z,"c(34.393771, -18.877715)",78.15513272551328,7,40.1940682588354,40.04467482234287,07:08,1. Going In
TRACKWAY1_going-in-bird-nest-counting.gpx,2026-04-07T07:08:25Z,"c(34.393829, -18.876515)",133.5735920663428,12,40.07207761990284,40.15634952100245,07:08,1. Going In
TRACKWAY1_going-in-bird-nest-counting.gpx,2026-04-07T07:08:30Z,"c(34.393865, -18.876014)",55.83736483926265,5,40.202902684269105,40.147279473091096,07:08,1. Going In
TRACKWAY1_going-in-bird-nest-counting.gpx,2026-04-07T07:08:35Z,"c(34.39392, -18.875515)",55.78730293764076,5,40.16685811510135,40.098362159866625,07:08,1. Going In
TRACKWAY1_going-in-bird-nest-counting.gpx,2026-04-07T07:08:53Z,"c(34.394218, -18.873742)",199.62662840114712,18,39.92532568022943,39.9857839952961,07:08,1. Going In
TRACKWAY1_going-in-bird-nest-counting.gpx,2026-04-07T07:09:01Z,"c(34.394379, -18.87296)",88.58926264568342,8,39.86516819055754,39.85027744519119,07:09,1. Going In
TRACKWAY1_going-in-bird-nest-counting.gpx,2026-04-07T07:09:09Z,"c(34.394569, -18.872186)",88.35630769952576,8,39.76033846478659,39.90099889583409,07:09,1. Going In
TRACKWAY1_going-in-bird-nest-counting.gpx,2026-04-07T07:09:14Z,"c(34.3947, -18.871701)",55.66318060021965,5,40.07749003215815,39.902970852379084,07:09,1. Going In
TRACKWAY1_going-in-bird-nest-counting.gpx,2026-04-07T07:09:23Z,"c(34.39496, -18.870839)",99.67771015048127,9,39.87108406019251,39.924909926165455,07:09,1. Going In
TRACKWAY1_going-in-bird-nest-counting.gpx,2026-04-07T07:09:28Z,"c(34.395126, -18.870367)",55.31410511964681,5,39.82615568614571,39.842192513250104,07:09,1. Going In
TRACKWAY1_going-in-bird-nest-counting.gpx,2026-04-07T07:09:40Z,"c(34.395641, -18.869277)",132.76445931137363,12,39.829337793412094,39.78371482793648,07:09,1. Going In
TRACKWAY1_going-in-bird-nest-counting.gpx,2026-04-07T07:09:44Z,"c(34.395828, -18.868922)",44.10627889361291,4,39.69565100425162,39.767838825479025,07:09,1. Going In
TRACKWAY1_going-in-bird-nest-counting.gpx,2026-04-07T07:09:47Z,"c(34.395984, -18.868663)",33.14877306564447,3,39.778527678773365,39.668620220429126,07:09,1. Going In
TRACKWAY1_going-in-bird-nest-counting.gpx,2026-04-07T07:09:50Z,"c(34.396152, -18.868413)",32.94306831521866,3,39.53168197826239,39.541892891656175,07:09,1. Going In
TRACKWAY1_going-in-bird-nest-counting.gpx,2026-04-07T07:09:56Z,"c(34.396522, -18.867939)",65.5257816965546,6,39.31546901793276,39.55257749787541,07:09,1. Going In
TRACKWAY1_going-in-bird-nest-counting.gpx,2026-04-07T07:09:58Z,"c(34.396667, -18.867795)",22.116989720795047,2,39.81058149743109,39.637508114117864,07:09,1. Going In
TRACKWAY1_going-in-bird-nest-counting.gpx,2026-04-07T07:10:00Z,"c(34.396825, -18.867664)",22.10359657054986,2,39.78647382698975,39.66965918639886,07:10,1. Going In
TRACKWAY1_going-in-bird-nest-counting.gpx,2026-04-07T07:10:02Z,"c(34.396999, -18.867556)",21.895512352653196,2,39.41192223477575,39.73623384521444,07:10,1. Going In
TRACKWAY1_going-in-bird-nest-counting.gpx,2026-04-07T07:10:05Z,"c(34.397283, -18.867423)",33.34192122823152,3,40.01030547387782,39.732540100510114,07:10,1. Going In
TRACKWAY1_going-in-bird-nest-counting.gpx,2026-04-07T07:10:11Z,"c(34.397875, -18.867219)",66.29232098812795,6,39.77539259287678,39.54361566814902,07:10,1. Going In
TRACKWAY1_going-in-bird-nest-counting.gpx,2026-04-07T07:10:13Z,"c(34.398072, -18.867165)",21.580638298718036,2,38.845148937692464,39.579111246361244,07:10,1. Going In
TRACKWAY1_going-in-bird-nest-counting.gpx,2026-04-07T07:10:17Z,"c(34.398472, -18.867033)",44.574213565016095,4,40.11679220851449,39.397527314319994,07:10,1. Going In
TRACKWAY1_going-in-bird-nest-counting.gpx,2026-04-07T07:10:21Z,"c(34.398869, -18.866921)",43.58960088528115,4,39.230640796753036,39.72390355266848,07:10,1. Going In
TRACKWAY1_going-in-bird-nest-counting.gpx,2026-04-07T07:10:31Z,"c(34.399898, -18.866717)",110.62299347982756,10,39.82427765273792,39.672583732636646,07:10,1. Going In
TRACKWAY1_going-in-bird-nest-counting.gpx,2026-04-07T07:10:41Z,"c(34.400918, -18.866462)",111.00786874560828,10,39.96283274841898,39.845089878029796,07:10,1. Going In
TRACKWAY1_going-in-bird-nest-counting.gpx,2026-04-07T07:10:55Z,"c(34.402365, -18.866222)",154.5761747947374,14,39.74815923293248,39.65166006789147,07:10,1. Going In
TRACKWAY1_going-in-bird-nest-counting.gpx,2026-04-07T07:11:00Z,"c(34.402878, -18.866154)",54.505539197670764,5,39.24398822232295,39.569883854729895,07:11,1. Going In
TRACKWAY1_going-in-bird-nest-counting.gpx,2026-04-07T07:11:15Z,"c(34.404442, -18.865997)",165.48960045389273,15,39.71750410893426,39.55316065100112,07:11,1. Going In
TRACKWAY1_going-in-bird-nest-counting.gpx,2026-04-07T07:11:19Z,"c(34.40486, -18.865967)",44.10887735749572,4,39.69798962174615,39.85369390327616,07:11,1. Going In
TRACKWAY1_going-in-bird-nest-counting.gpx,2026-04-07T07:11:27Z,"c(34.405707, -18.865931)",89.21241773144015,8,40.14558797914807,39.90802640398174,07:11,1. Going In
TRACKWAY1_going-in-bird-nest-counting.gpx,2026-04-07T07:11:34Z,"c(34.406442, -18.86588)",77.54541979926582,7,39.880501611050995,39.97794991683268,07:11,1. Going In
TRACKWAY1_going-in-bird-nest-counting.gpx,2026-04-07T07:11:40Z,"c(34.407069, -18.865804)",66.51293360049827,6,39.90776016029896,39.93592904874806,07:11,1. Going In
TRACKWAY1_going-in-bird-nest-counting.gpx,2026-04-07T07:11:45Z,"c(34.407585, -18.865697)",55.58267413179753,5,40.01952537489422,40.17384056884912,07:11,1. Going In
TRACKWAY1_going-in-bird-nest-counting.gpx,2026-04-07T07:11:48Z,"c(34.407894, -18.865613)",33.828530142795145,3,40.594236171354176,40.17477857071259,07:11,1. Going In
TRACKWAY1_going-in-bird-nest-counting.gpx,2026-04-07T07:11:51Z,"c(34.408193, -18.865516)",33.258811804907815,3,39.91057416588938,40.26136889968268,07:11,1. Going In
TRACKWAY1_going-in-bird-nest-counting.gpx,2026-04-07T07:12:00Z,"c(34.40908, -18.865176)",100.6982409045112,9,40.279296361804484,39.99764356421195,07:12,1. Going In
TRACKWAY1_going-in-bird-nest-counting.gpx,2026-04-07T07:12:07Z,"c(34.409787, -18.864984)",77.39483920960939,7,39.803060164941975,39.866325667397255,07:12,1. Going In
TRACKWAY1_going-in-bird-nest-counting.gpx,2026-04-07T07:12:15Z,"c(34.410602, -18.864814)",87.814712167656225,8,39.5166204754453,40.022170172560266,07:12,1. Going In
TRACKWAY1_going-in-bird-nest-counting.gpx,2026-04-07T07:12:18Z,"c(34.410914, -18.864736)",33.95569156441126,3,40.746829877293514,40.082749314672654,07:12,1. Going In
TRACKWAY1_going-in-bird-nest-counting.gpx,2026-04-07T07:12:23Z,"c(34.41142, -18.864594)",55.534441098998805,5,39.98479759127914,40.3137219412231,07:12,1. Going In
TRACKWAY1_going-in-bird-nest-counting.gpx,2026-04-07T07:12:29Z,"c(34.412023, -18.8644)",67.01589725849442,6,40.209538355096655,40.1994395079575,07:12,1. Going In
TRACKWAY1_going-in-bird-nest-counting.gpx,2026-04-07T07:12:34Z,"c(34.412524, -18.864227)",56.11664246874541,5,40.4039825774967,40.39418373175192,07:12,1. Going In
TRACKWAY1_going-in-bird-nest-counting.gpx,2026-04-07T07:12:49Z,"c(34.41402, -18.863673)",169.0376260944267,15,40.569030262662416,40.44967537200344,07:12,1. Going In
TRACKWAY1_going-in-bird-nest-counting.gpx,2026-04-07T07:12:52Z,"c(34.414314, -18.863554)",33.646677729876004,3,40.3760132758512,40.5135307492337,07:12,1. Going In
TRACKWAY1_going-in-bird-nest-counting.gpx,2026-04-07T07:13:01Z,"c(34.415183, -18.863158)",101.48887177296871,9,40.59554870918748,40.75210142057784,07:13,1. Going In
TRACKWAY1_going-in-bird-nest-counting.gpx,2026-04-07T07:13:04Z,"c(34.415489, -18.863049)",34.40395189724568,3,41.28474227669482,40.290517066666226,07:13,1. Going In
TRACKWAY1_going-in-bird-nest-counting.gpx,2026-04-07T07:13:07Z,"c(34.415786, -18.862969)",32.49271684509698,3,38.99126021411638,39.89303935079071,07:13,1. Going In
TRACKWAY1_going-in-bird-nest-counting.gpx,2026-04-07T07:13:10Z,"c(34.41608, -18.86287)",32.8359296346341,3,39.403115561560924,39.63252808118061,07:13,1. Going In
TRACKWAY1_going-in-bird-nest-counting.gpx,2026-04-07T07:13:12Z,"c(34.416288, -18.862823)",22.501782482146954,2,40.50320846786452,40.31059948506445,07:13,1. Going In
TRACKWAY1_going-in-bird-nest-counting.gpx,2026-04-07T07:13:17Z,"c(34.416808, -18.86268)",56.979825591344316,5,41.02547442576791,40.700306337022425,07:13,1. Going In
TRACKWAY1_going-in-bird-nest-counting.gpx,2026-04-07T07:13:18Z,"c(34.416913, -18.86266)",11.270065588176346,1,40.57223611743485,40.59130305421802,07:13,1. Going In
TRACKWAY1_going-in-bird-nest-counting.gpx,2026-04-07T07:13:23Z,"c(34.417421, -18.862516)",55.800275860349025,5,40.1761986194513,40.10851481268032,07:13,1. Going In
TRACKWAY1_going-in-bird-nest-counting.gpx,2026-04-07T07:13:38Z,"c(34.418971, -18.862297)",164.9046237548117,15,39.57710970115481,39.81371297239352,07:13,1. Going In
TRACKWAY1_going-in-bird-nest-counting.gpx,2026-04-07T07:13:46Z,"c(34.419805, -18.862218)",88.19517910349875,8,39.687830596574436,39.46096507006072,07:13,1. Going In
TRACKWAY1_going-in-bird-nest-counting.gpx,2026-04-07T07:13:50Z,"c(34.420218, -18.862211)",43.46439434716992,4,39.11795491245293,39.235859290541534,07:13,1. Going In
TRACKWAY1_going-in-bird-nest-counting.gpx,2026-04-07T07:13:52Z,"c(34.420423, -18.862223)",21.612106868109574,2,38.901792362597234,39.48648420540113,07:13,1. Going In
TRACKWAY1_going-in-bird-nest-counting.gpx,2026-04-07T07:13:54Z,"c(34.420635, -18.862247)",22.46650296730735,2,40.43970534115323,39.444530706018405,07:13,1. Going In
TRACKWAY1_going-in-bird-nest-counting.gpx,2026-04-07T07:13:57Z,"c(34.420937, -18.862308)",32.49341201192063,3,38.99209441430476,39.473472557614095,07:13,1. Going In
TRACKWAY1_going-in-bird-nest-counting.gpx,2026-04-07T07:14:00Z,"c(34.421229, -18.862403)",32.490514931153584,3,38.9886179173843,38.84245276111493,07:14,1. Going In
TRACKWAY1_going-in-bird-nest-counting.gpx,2026-04-07T07:14:02Z,"c(34.421416, -18.862479)",21.414803306475395,2,38.54664595165571,38.828835879981376,07:14,1. Going In
TRACKWAY1_going-in-bird-nest-counting.gpx,2026-04-07T07:14:08Z,"c(34.421971, -18.862734)",64.91873961817352,6,38.951243770904114,38.734325788070585,07:14,1. Going In
TRACKWAY1_going-in-bird-nest-counting.gpx,2026-04-07T07:14:22Z,"c(34.423236, -18.863366)",150.51978527309083,14,38.70508764165193,38.75092562160379,07:14,1. Going In
TRACKWAY1_going-in-bird-nest-counting.gpx,2026-04-07T07:14:27Z,"c(34.423682, -18.863599)",53.606174239243515,5,38.59644545225533,38.73900702947101,07:14,1. Going In
TRACKWAY1_going-in-bird-nest-counting.gpx,2026-04-07T07:14:37Z,"c(34.424608, -18.86402)",108.09857776251602,10,38.91548799450577,38.796772247189175,07:14,1. Going In
TRACKWAY1_going-in-bird-nest-counting.gpx,2026-04-07T07:14:47Z,"c(34.425505, -18.864492)",107.99550915224006,10,38.878383294806426,38.88575571819647,07:14,1. Going In
TRACKWAY1_going-in-bird-nest-counting.gpx,2026-04-07T07:14:57Z,"c(34.426378, -18.865002)",107.9538774035478,10,38.86339586527721,39.00423426649594,07:14,1. Going In
TRACKWAY1_going-in-bird-nest-counting.gpx,2026-04-07T07:15:00Z,"c(34.426651, -18.865143)",32.72576969950349,3,39.27092363940419,39.0359437728319,07:15,1. Going In
TRACKWAY1_going-in-bird-nest-counting.gpx,2026-04-07T07:15:07Z,"c(34.427294, -18.86545)",75.78182852686112,7,38.97351181381429,38.87654177578067,07:15,1. Going In
TRACKWAY1_going-in-bird-nest-counting.gpx,2026-04-07T07:15:13Z,"c(34.427816, -18.865745)",63.97531645687257,6,38.38518987412354,38.49571075911937,07:15,1. Going In
TRACKWAY1_going-in-bird-nest-counting.gpx,2026-04-07T07:15:16Z,"c(34.428081, -18.865882)",31.773692157850228,3,38.128430589420276,38.40960265031974,07:15,1. Going In
TRACKWAY1_going-in-bird-nest-counting.gpx,2026-04-07T07:15:22Z,"c(34.428621, -18.866157)",64.52531247902569,6,38.71518748741541,38.56993879356931,07:15,1. Going In
TRACKWAY1_going-in-bird-nest-counting.gpx,2026-04-07T07:15:24Z,"c(34.428812, -18.866228)",21.59233239104013,2,38.86619830387224,38.95495416139083,07:15,1. Going In
TRACKWAY1_going-in-bird-nest-counting.gpx,2026-04-07T07:15:26Z,"c(34.429012, -18.86628)",21.824153718269354,2,39.28347669288484,39.00521950000202,07:15,1. Going In
TRACKWAY1_going-in-bird-nest-counting.gpx,2026-04-07T07:15:30Z,"c(34.429419, -18.86633)",43.18442611472109,4,38.865983503248984,39.01375936887951,07:15,1. Going In
TRACKWAY1_going-in-bird-nest-counting.gpx,2026-04-07T07:15:33Z,"c(34.429727, -18.866327)",32.409848258753925,3,38.891817910504706,38.881712467156916,07:15,1. Going In
TRACKWAY1_going-in-bird-nest-counting.gpx,2026-04-07T07:15:36Z,"c(34.430033, -18.866294)",32.40611332309755,3,38.88733598771706,39.04410733957378,07:15,1. Going In
TRACKWAY1_going-in-bird-nest-counting.gpx,2026-04-07T07:15:39Z,"c(34.430339, -18.866238)",32.79430676708297,3,39.35316812049957,39.045126949793385,07:15,1. Going In
TRACKWAY1_going-in-bird-nest-counting.gpx,2026-04-07T07:15:41Z,"c(34.430535, -18.86618)",21.60826485620196,2,38.89487674116353,39.151803551117304,07:15,1. Going In
TRACKWAY1_going-in-bird-nest-counting.gpx,2026-04-07T07:15:42Z,"c(34.430629, -18.866139)",10.890934942135784,1,39.20736579168882,39.144667497011355,07:15,1. Going In
TRACKWAY1_going-in-bird-nest-counting.gpx,2026-04-07T07:15:47Z,"c(34.431079, -18.865894)",54.62744438636349,5,39.33175995818171,36.68116714664791,07:15,1. Going In
TRACKWAY1_going-in-bird-nest-counting.gpx,2026-04-07T07:15:50Z,"c(34.431306, -18.865796)",26.25364640839432,3,31.504375690073182,32.28480227402506,07:15,1. Going In
TRACKWAY1_going-in-bird-nest-counting.gpx,2026-04-07T07:15:52Z,"c(34.431438, -18.86576)",14.454595096566825,2,26.018271173820285,26.147269324209386,07:15,1. Going In
TRACKWAY1_going-in-bird-nest-counting.gpx,2026-04-07T07:15:57Z,"c(34.43171, -18.865715)",29.05439042879818,5,20.919161108734688,23.294837633240167,07:15,1. Going In
TRACKWAY1_going-in-bird-nest-counting.gpx,2026-04-07T07:16:02Z,"c(34.432012, -18.865693)",31.870945301618793,5,22.947080617165533,24.28142390120429,07:16,1. Going In
TRACKWAY1_going-in-bird-nest-counting.gpx,2026-04-07T07:16:04Z,"c(34.432165, -18.865693)",16.098905543173693,2,28.978029977712648,28.64661404037254,07:16,1. Going In
TRACKWAY1_going-in-bird-nest-counting.gpx,2026-04-07T07:16:12Z,"c(34.432882, -18.865735)",75.58829228053207,8,34.01473152623944,33.66306820413293,07:16,1. Going In
TRACKWAY1_going-in-bird-nest-counting.gpx,2026-04-07T07:16:16Z,"c(34.433279, -18.86579)",42.218270120496314,4,37.996443108446684,36.826037863790084,07:16,1. Going In
TRACKWAY1_going-in-bird-nest-counting.gpx,2026-04-07T07:16:21Z,"c(34.433774, -18.865897)",53.426304106505725,5,38.466938956684125,38.45853265401898,07:16,1. Going In
TRACKWAY1_going-in-bird-nest-counting.gpx,2026-04-07T07:16:22Z,"c(34.433871, -18.865929)",10.808948860257258,1,38.91221589692613,38.77593886205143,07:16,1. Going In
TRACKWAY1_going-in-bird-nest-counting.gpx,2026-04-07T07:16:24Z,"c(34.434057, -18.866012)",21.63814540696891,2,38.94866173254404,38.806031633206906,07:16,1. Going In
TRACKWAY1_going-in-bird-nest-counting.gpx,2026-04-07T07:16:26Z,"c(34.434231, -18.866112)",21.420676261194753,2,38.55721727015056,38.65509914348139,07:16,1. Going In
TRACKWAY1_going-in-bird-nest-counting.gpx,2026-04-07T07:16:28Z,"c(34.434396, -18.866224)",21.366343570971974,2,38.459418427749554,38.84991280254909,07:16,1. Going In
TRACKWAY1_going-in-bird-nest-counting.gpx,2026-04-07T07:16:31Z,"c(34.43462, -18.866431)",32.94425225812263,3,39.53310270974716,38.52015093419537,07:16,1. Going In
TRACKWAY1_going-in-bird-nest-counting.gpx,2026-04-07T07:16:35Z,"c(34.434868, -18.866724)",41.74214629454377,4,37.5679316650894,38.761897548684104,07:16,1. Going In
TRACKWAY1_going-in-bird-nest-counting.gpx,2026-04-07T07:16:45Z,"c(34.435392, -18.867568)",108.84627297559932,10,39.18465827121576,38.631401274276456,07:16,1. Going In
TRACKWAY1_going-in-bird-nest-counting.gpx,2026-04-07T07:16:50Z,"c(34.435695, -18.867964)",54.36335262017253,5,39.14161388652422,39.269097732762,07:16,1. Going In
TRACKWAY1_going-in-bird-nest-counting.gpx,2026-04-07T07:16:55Z,"c(34.436018, -18.868351)",54.834751445202784,5,39.48102104054601,39.270974120172745,07:16,1. Going In
TRACKWAY1_going-in-bird-nest-counting.gpx,2026-04-07T07:16:59Z,"c(34.436284, -18.868651)",43.544763814942236,4,39.19028743344801,39.358605378009216,07:16,1. Going In
TRACKWAY1_going-in-bird-nest-counting.gpx,2026-04-07T07:17:03Z,"c(34.43657, -18.868937)",43.78278628892625,4,39.40450766003363,39.46632694147292,07:17,1. Going In
TRACKWAY1_going-in-bird-nest-counting.gpx,2026-04-07T07:17:11Z,"c(34.437195, -18.869469)",88.45374606874915,8,39.80418573093712,39.457529258772304,07:17,1. Going In
TRACKWAY1_going-in-bird-nest-counting.gpx,2026-04-07T07:17:14Z,"c(34.43744, -18.869649)",32.63657865445513,3,39.163894385346154,39.43466609709973,07:17,1. Going In
TRACKWAY1_going-in-bird-nest-counting.gpx,2026-04-07T07:17:17Z,"c(34.437696, -18.869817)",32.77993181251326,3,39.33591817501592,39.408607990287145,07:17,1. Going In
TRACKWAY1_going-in-bird-nest-counting.gpx,2026-04-07T07:17:20Z,"c(34.437969, -18.869965)",33.10500950874947,3,39.72601141049936,39.69824357895931,07:17,1. Going In
TRACKWAY1_going-in-bird-nest-counting.gpx,2026-04-07T07:17:30Z,"c(34.438903, -18.870433)",111.20222542045177,10,40.03280115136264,39.772505545817914,07:17,1. Going In
TRACKWAY1_going-in-bird-nest-counting.gpx,2026-04-07T07:17:37Z,"c(34.439556, -18.870744)",76.91970236920615,7,39.558704075591734,39.56111464649996,07:17,1. Going In
TRACKWAY1_going-in-bird-nest-counting.gpx,2026-04-07T07:17:40Z,"c(34.439837, -18.870867)",32.576532260454584,3,39.0918387125455,39.308393630880715,07:17,1. Going In
TRACKWAY1_going-in-bird-nest-counting.gpx,2026-04-07T07:17:46Z,"c(34.440411, -18.871094)",65.45773017417484,6,39.2746381045049,39.44448448826279,07:17,1. Going In
TRACKWAY1_going-in-bird-nest-counting.gpx,2026-04-07T07:18:08Z,"c(34.442509, -18.872034)",244.24263506950973,22,39.96697664773796,39.59861912148088,07:18,1. Going In
TRACKWAY1_going-in-bird-nest-counting.gpx,2026-04-07T07:18:12Z,"c(34.442883, -18.87221)",43.94915845799975,4,39.55424261219978,39.760361788486264,07:18,1. Going In
TRACKWAY1_going-in-bird-nest-counting.gpx,2026-04-07T07:18:16Z,"c(34.44325, -18.872403)",44.17762900613452,4,39.75986610552106,39.72259805105496,07:18,1. Going In
TRACKWAY1_going-in-bird-nest-counting.gpx,2026-04-07T07:18:21Z,"c(34.443696, -18.872667)",55.35234088256117,5,39.85368543544404,39.69320106692809,07:18,1. Going In
TRACKWAY1_going-in-bird-nest-counting.gpx,2026-04-07T07:18:25Z,"c(34.444044, -18.872884)",43.85116851091017,4,39.46605165981916,39.56382144589924,07:18,1. Going In
TRACKWAY1_going-in-bird-nest-counting.gpx,2026-04-07T07:18:31Z,"c(34.444553, -18.873225)",65.61954540405752,6,39.37172724243451,39.39282336117637,07:18,1. Going In
TRACKWAY1_going-in-bird-nest-counting.gpx,2026-04-07T07:18:33Z,"c(34.444736, -18.873318)",21.855939545153024,2,39.340691181275446,39.55276499496599,07:18,1. Going In
TRACKWAY1_going-in-bird-nest-counting.gpx,2026-04-07T07:18:37Z,"c(34.445122, -18.873479)",44.38430729020891,4,39.94587656118802,39.62240353663012,07:18,1. Going In
TRACKWAY1_going-in-bird-nest-counting.gpx,2026-04-07T07:18:42Z,"c(34.445594, -18.873691)",54.97311509364845,5,39.58064286742689,39.63071874232587,07:18,1. Going In
TRACKWAY1_going-in-bird-nest-counting.gpx,2026-04-07T07:18:46Z,"c(34.445958, -18.873881)",43.739596442625206,4,39.36563679836269,39.59315906262408,07:18,1. Going In
TRACKWAY1_going-in-bird-nest-counting.gpx,2026-04-07T07:18:56Z,"c(34.446861, -18.874391)",110.64777089467407,10,39.83319752208266,39.7121411771842,07:18,1. Going In
TRACKWAY1_going-in-bird-nest-counting.gpx,2026-04-07T07:19:00Z,"c(34.447239, -18.874568)",44.37509912345249,4,39.937589211107245,40.08206649573061,07:19,1. Going In
TRACKWAY1_going-in-bird-nest-counting.gpx,2026-04-07T07:19:06Z,"c(34.447834, -18.874794)",67.45902125666986,6,40.475412754001916,39.93741865852021,07:19,1. Going In
TRACKWAY1_going-in-bird-nest-counting.gpx,2026-04-07T07:19:12Z,"c(34.448432, -18.874963)",65.66542335075243,6,39.399254010451465,39.80375743968156,07:19,1. Going In
TRACKWAY1_going-in-bird-nest-counting.gpx,2026-04-07T07:19:14Z,"c(34.448628, -18.875031)",21.96478086366184,2,39.53660555459131,39.68202461546852,07:19,1. Going In
TRACKWAY1_going-in-bird-nest-counting.gpx,2026-04-07T07:19:23Z,"c(34.449512, -18.875368)",100.27553570340699,9,40.110214281362794,39.82331634610244,07:19,1. Going In
TRACKWAY1_going-in-bird-nest-counting.gpx,2026-04-07T07:19:28Z,"c(34.44999, -18.875575)",55.309901669935016,5,39.823129202353215,40.157310066329885,07:19,1. Going In
TRACKWAY1_going-in-bird-nest-counting.gpx,2026-04-07T07:19:30Z,"c(34.450192, -18.875642)",22.521437064040917,2,40.53858671527365,40.164005352237986,07:19,1. Going In
TRACKWAY1_going-in-bird-nest-counting.gpx,2026-04-07T07:19:47Z,"c(34.451817, -18.876377)",189.50419510124456,17,40.13030013908708,40.19808949094057,07:19,1. Going In
TRACKWAY1_going-in-bird-nest-counting.gpx,2026-04-07T07:20:00Z,"c(34.453069, -18.876904)",144.1749891777757,13,39.92538161846096,40.034359625334005,07:20,1. Going In
TRACKWAY1_going-in-bird-nest-counting.gpx,2026-04-07T07:20:07Z,"c(34.453751, -18.877176)",77.86993884143828,7,40.04739711845398,40.01070742106986,07:20,1. Going In
TRACKWAY1_going-in-bird-nest-counting.gpx,2026-04-07T07:20:11Z,"c(34.454133, -18.877348)",44.51038169588294,4,40.05934352629465,40.027980074259986,07:20,1. Going In
TRACKWAY1_going-in-bird-nest-counting.gpx,2026-04-07T07:20:19Z,"c(34.454883, -18.877715)",88.83822128451409,8,39.97719957803134,39.987349105575944,07:20,1. Going In
TRACKWAY1_going-in-bird-nest-counting.gpx,2026-04-07T07:20:30Z,"c(34.455947, -18.878151)",121.99459620456123,11,39.925504212401854,39.89033775493446,07:20,1. Going In
TRACKWAY1_going-in-bird-nest-counting.gpx,2026-04-07T07:20:37Z,"c(34.456615, -18.878441)",77.32726842238644,7,39.76830947437017,39.665390495094,07:20,1. Going In
TRACKWAY1_going-in-bird-nest-counting.gpx,2026-04-07T07:20:44Z,"c(34.457255, -18.878766)",76.4212512748805,7,39.30235779850997,39.63899350831076,07:20,1. Going In
TRACKWAY1_going-in-bird-nest-counting.gpx,2026-04-07T07:20:47Z,"c(34.457552, -18.878867)",33.20526104337678,3,39.84631325205214,39.636491299862826,07:20,1. Going In
TRACKWAY1_going-in-bird-nest-counting.gpx,2026-04-07T07:20:51Z,"c(34.45793, -18.87904)",44.1786698322515,4,39.760802849026355,39.915172868852956,07:20,1. Going In
TRACKWAY1_going-in-bird-nest-counting.gpx,2026-04-07T07:20:58Z,"c(34.458606, -18.879329)",78.04689376065627,7,40.13840250548037,39.854252865378115,07:20,1. Going In
TRACKWAY1_going-in-bird-nest-counting.gpx,2026-04-07T07:21:01Z,"c(34.458897, -18.879441)",33.05296103468967,3,39.66355324162761,39.86877260613365,07:21,1. Going In
TRACKWAY1_going-in-bird-nest-counting.gpx,2026-04-07T07:21:07Z,"c(34.459464, -18.879702)",66.34060345215498,6,39.804362071292985,39.63390398173127,07:21,1. Going In
TRACKWAY1_going-in-bird-nest-counting.gpx,2026-04-07T07:21:14Z,"c(34.460101, -18.880037)",76.67682678497572,7,39.43379663227323,39.76679570466443,07:21,1. Going In
TRACKWAY1_going-in-bird-nest-counting.gpx,2026-04-07T07:21:19Z,"c(34.460576, -18.880257)",55.641983903370935,5,40.062228410427075,39.56273429950604,07:21,1. Going In
TRACKWAY1_going-in-bird-nest-counting.gpx,2026-04-07T07:21:25Z,"c(34.461145, -18.880492)",65.32029642636304,6,39.192177855817825,39.7478834911939,07:21,1. Going In
TRACKWAY1_going-in-bird-nest-counting.gpx,2026-04-07T07:21:35Z,"c(34.462124, -18.880866)",111.08123390926892,10,39.98924420733681,39.69171542614938,07:21,1. Going In
TRACKWAY1_going-in-bird-nest-counting.gpx,2026-04-07T07:21:39Z,"c(34.462508, -18.88103)",44.32636023921499,4,39.893724215293496,39.79711749891614,07:21,1. Going In
TRACKWAY1_going-in-bird-nest-counting.gpx,2026-04-07T07:21:46Z,"c(34.46316, -18.881341)",76.82185792189631,7,39.508384074118105,39.65719861561012,07:21,1. Going In
TRACKWAY1_going-in-bird-nest-counting.gpx,2026-04-07T07:21:53Z,"c(34.463822, -18.881635)",76.94067025053648,7,39.56948755741876,39.84514091233779,07:21,1. Going In
TRACKWAY1_going-in-bird-nest-counting.gpx,2026-04-07T07:21:55Z,"c(34.46401, -18.881731)",22.47641728082028,2,40.457551105476504,40.04021334779987,07:21,1. Going In
TRACKWAY1_going-in-bird-nest-counting.gpx,2026-04-07T07:21:57Z,"c(34.464205, -18.881809)",22.274222989169083,2,40.09360138050435,40.0122960874673,07:21,1. Going In
TRACKWAY1_going-in-bird-nest-counting.gpx,2026-04-07T07:22:04Z,"c(34.464856, -18.882121)",76.77781956526312,7,39.48573577642103,39.77221078906349,07:22,1. Going In
TRACKWAY1_going-in-bird-nest-counting.gpx,2026-04-07T07:22:12Z,"c(34.465615, -18.88246)",88.30510046725577,8,39.737295210265096,39.607889809849716,07:22,1. Going In
TRACKWAY1_going-in-bird-nest-counting.gpx,2026-04-07T07:22:16Z,"c(34.465983, -18.882648)",44.000709380958924,4,39.60063844286303,39.66121965626662,07:22,1. Going In
TRACKWAY1_going-in-bird-nest-counting.gpx,2026-04-07T07:22:22Z,"c(34.466522, -18.882953)",66.07620885945286,6,39.64572531567172,39.54031891783594,07:22,1. Going In
TRACKWAY1_going-in-bird-nest-counting.gpx,2026-04-07T07:22:27Z,"c(34.466982, -18.883182)",54.686934715240376,5,39.37459299497307,39.46179991006359,07:22,1. Going In
TRACKWAY1_going-in-bird-nest-counting.gpx,2026-04-07T07:22:40Z,"c(34.468194, -18.883747)",142.15168290391603,13,39.36508141954598,39.4192961067817,07:22,1. Going In
TRACKWAY1_going-in-bird-nest-counting.gpx,2026-04-07T07:22:58Z,"c(34.469828, -18.884623)",197.5910695291303,18,39.51821390582606,39.364717986246504,07:22,1. Going In
TRACKWAY1_going-in-bird-nest-counting.gpx,2026-04-07T07:23:10Z,"c(34.470932, -18.885162)",130.70286211122487,12,39.210858633367465,39.34451004013934,07:23,1. Going In
TRACKWAY1_going-in-bird-nest-counting.gpx,2026-04-07T07:23:15Z,"c(34.471401, -18.885372)",54.58952441836736,5,39.304457581224504,39.42069170586417,07:23,1. Going In
TRACKWAY1_going-in-bird-nest-counting.gpx,2026-04-07T07:23:19Z,"c(34.471773, -18.885556)",44.16306544777839,4,39.746758903000554,39.3562971999587,07:23,1. Going In
TRACKWAY1_going-in-bird-nest-counting.gpx,2026-04-07T07:23:32Z,"c(34.472981, -18.886103)",140.89716013985105,13,39.01767511565106,39.41983175285955,07:23,1. Going In
TRACKWAY1_going-in-bird-nest-counting.gpx,2026-04-07T07:23:38Z,"c(34.473541, -18.886367)",65.82510206654506,6,39.49506123992704,39.28957004587484,07:23,1. Going In
TRACKWAY1_going-in-bird-nest-counting.gpx,2026-04-07T07:23:42Z,"c(34.47391, -18.886548)",43.72885975782935,4,39.35597378204641,39.449389447844055,07:23,1. Going In
TRACKWAY1_going-in-bird-nest-counting.gpx,2026-04-07T07:23:51Z,"c(34.47473, -18.88698)",98.74283330389679,9,39.497133321558714,39.37270137620019,07:23,1. Going In
TRACKWAY1_going-in-bird-nest-counting.gpx,2026-04-07T07:24:14Z,"c(34.47686, -18.887994)",250.85970321524871,23,39.26499702499545,39.41246159863188,07:24,1. Going In
TRACKWAY1_going-in-bird-nest-counting.gpx,2026-04-07T07:24:23Z,"c(34.47768, -18.888425)",98.6881361233537,9,39.47525444934148,39.48454103553725,07:24,1. Going In
TRACKWAY1_going-in-bird-nest-counting.gpx,2026-04-07T07:24:29Z,"c(34.478219, -18.888732)",66.188952720458,6,39.71337163227481,39.65505966757408,07:24,1. Going In
TRACKWAY1_going-in-bird-nest-counting.gpx,2026-04-07T07:24:33Z,"c(34.478573, -18.888946)",44.19616991233994,4,39.776552921105946,39.91308503948618,07:24,1. Going In
TRACKWAY1_going-in-bird-nest-counting.gpx,2026-04-07T07:24:35Z,"c(34.478758, -18.889045)",22.36073920282099,2,40.249330565077784,39.9017144766422,07:24,1. Going In
TRACKWAY1_going-in-bird-nest-counting.gpx,2026-04-07T07:24:41Z,"c(34.479317, -18.889317)",66.13209990623812,6,39.67925994374287,39.92390787147562,07:24,1. Going In
TRACKWAY1_going-in-bird-nest-counting.gpx,2026-04-07T07:24:45Z,"c(34.479698, -18.889486)",44.270147895118015,4,39.84313310560621,40.13332322672691,07:24,1. Going In
TRACKWAY1_going-in-bird-nest-counting.gpx,2026-04-07T07:24:46Z,"c(34.479799, -18.889522)",11.354882397453233,1,40.87757663083164,39.950076149709126,07:24,1. Going In
TRACKWAY1_going-in-bird-nest-counting.gpx,2026-04-07T07:24:52Z,"c(34.480352, -18.889787)",65.21586452114921,6,39.12951871268953,39.68359725631682,07:24,1. Going In
TRACKWAY1_going-in-bird-nest-counting.gpx,2026-04-07T07:25:07Z,"c(34.481742, -18.890428)",162.6820684392887,15,39.043696425429296,39.21097141260387,07:25,1. Going In
TRACKWAY1_going-in-bird-nest-counting.gpx,2026-04-07T07:25:10Z,"c(34.482015, -18.890572)",32.88308258307731,3,39.45969909969278,39.439997054323356,07:25,1. Going In
TRACKWAY1_going-in-bird-nest-counting.gpx,2026-04-07T07:25:16Z,"c(34.482554, -18.890882)",66.36099272974666,6,39.816595637847996,39.58085395677576,07:25,1. Going In
TRACKWAY1_going-in-bird-nest-counting.gpx,2026-04-07T07:25:28Z,"c(34.48366, -18.891434)",131.55422377595502,12,39.466267132786506,39.46392576721274,07:25,1. Going In
TRACKWAY1_going-in-bird-nest-counting.gpx,2026-04-07T07:25:41Z,"c(34.484825, -18.892065)",141.22663580640233,13,39.10891453100372,39.46070955938247,07:25,1. Going In
TRACKWAY1_going-in-bird-nest-counting.gpx,2026-04-07T07:25:49Z,"c(34.485578, -18.892419)",88.45988225412708,8,39.806947014357185,39.44602070715309,07:25,1. Going In
TRACKWAY1_going-in-bird-nest-counting.gpx,2026-04-07T07:25:56Z,"c(34.48622, -18.892745)",76.65427889796902,7,39.422200576098355,39.612574359427285,07:25,1. Going In
TRACKWAY1_going-in-bird-nest-counting.gpx,2026-04-07T07:26:18Z,"c(34.488262, -18.893748)",242.05240575893856,22,39.60857548782631,39.61350447169553,07:26,1. Going In
TRACKWAY1_going-in-bird-nest-counting.gpx,2026-04-07T07:26:21Z,"c(34.488537, -18.893894)",33.17478112596826,3,39.809737351161914,39.829012576624386,07:26,1. Going In
TRACKWAY1_going-in-bird-nest-counting.gpx,2026-04-07T07:26:26Z,"c(34.488989, -18.894154)",55.65100679289573,5,40.06872489088493,39.91541776397174,07:26,1. Going In
TRACKWAY1_going-in-bird-nest-counting.gpx,2026-04-07T07:26:36Z,"c(34.489909, -18.894638)",110.74386402741212,10,39.867791049868366,39.792294474581496,07:26,1. Going In
TRACKWAY1_going-in-bird-nest-counting.gpx,2026-04-07T07:26:39Z,"c(34.490188, -18.894771)",32.86697290249266,3,39.44036748299119,39.679210867831564,07:26,1. Going In
TRACKWAY1_going-in-bird-nest-counting.gpx,2026-04-07T07:26:49Z,"c(34.491105, -18.895253)",110.35965019620872,10,39.729474070635135,39.64486538647707,07:26,1. Going In
TRACKWAY1_going-in-bird-nest-counting.gpx,2026-04-07T07:26:55Z,"c(34.491665, -18.895526)",66.27459100967482,6,39.764754605804896,37.99842521287249,07:26,1. Going In
TRACKWAY1_going-in-bird-nest-counting.gpx,2026-04-07T07:26:56Z,"c(34.49175, -18.895557)",9.583624156160402,1,34.50104696217745,39.817442445082406,07:26,1. Going In
TRACKWAY1_going-in-bird-nest-counting.gpx,2026-04-07T07:26:57Z,"c(34.491849, -18.89562)",12.55181271312913,1,45.186525767264875,39.59275505762543,07:26,1. Going In
TRACKWAY1_going-in-bird-nest-counting.gpx,2026-04-07T07:27:00Z,"c(34.492121, -18.89576)",32.57557703619497,3,39.090692443433966,41.16206788413019,07:27,1. Going In
TRACKWAY1_going-in-bird-nest-counting.gpx,2026-04-07T07:27:05Z,"c(34.492584, -18.895979)",54.45692422457185,5,39.20898544169173,39.24132987939666,07:27,1. Going In
TRACKWAY1_going-in-bird-nest-counting.gpx,2026-04-07T07:27:16Z,"c(34.493628, -18.896424)",120.46317480102977,11,39.42431175306429,39.298827925428164,07:27,1. Going In
TRACKWAY1_going-in-bird-nest-counting.gpx,2026-04-07T07:27:25Z,"c(34.494464, -18.896816)",98.15796645382119,9,39.26318658152848,39.29730728421005,07:27,1. Going In
TRACKWAY1_going-in-bird-nest-counting.gpx,2026-04-07T07:27:31Z,"c(34.495014, -18.897089)",65.34070586339564,6,39.20442351803739,39.2686226450918,07:27,1. Going In
TRACKWAY1_going-in-bird-nest-counting.gpx,2026-04-07T07:27:34Z,"c(34.495281, -18.897241)",32.781881529757946,3,39.338257835709534,39.14806194594739,07:27,1. Going In
TRACKWAY1_going-in-bird-nest-counting.gpx,2026-04-07T07:27:42Z,"c(34.495967, -18.897669)",86.44778774243386,8,38.90150448409524,38.076499531082206,07:27,1. Going In
TRACKWAY1_going-in-bird-nest-counting.gpx,2026-04-07T07:27:49Z,"c(34.496536, -18.897995)",69.98004275391467,7,35.989736273441835,36.10864011848265,07:27,1. Going In
TRACKWAY1_going-in-bird-nest-counting.gpx,2026-04-07T07:27:51Z,"c(34.496691, -18.898075)",18.57482199883937,2,33.434679597910865,33.302373412439835,07:27,1. Going In
TRACKWAY1_going-in-bird-nest-counting.gpx,2026-04-07T07:27:58Z,"c(34.49714, -18.898397)",59.27192515604657,7,30.482704365966807,29.05408144476214,07:27,1. Going In
TRACKWAY1_going-in-bird-nest-counting.gpx,2026-04-07T07:28:06Z,"c(34.497514, -18.898698)",51.655245267575005,8,23.24486037040875,23.812858742064847,07:28,1. Going In
TRACKWAY1_going-in-bird-nest-counting.gpx,2026-04-07T07:28:15Z,"c(34.497853, -18.898934)",44.27752872454746,9,17.711011489818983,17.76574820777198,07:28,1. Going In
TRACKWAY1_going-in-bird-nest-counting.gpx,2026-04-07T07:28:28Z,"c(34.498205, -18.899157)",44.56606831115187,13,12.34137276308821,12.86228814819382,07:28,1. Going In
TRACKWAY2_checking-full-extent-and-finding-out-end-of-it.gpx,2026-04-07T07:37:31Z,"c(34.499869, -18.899587)",18.376440820187575,8,8.26939836908441,7.660629113396589,07:37,2. Colony Extent Check
TRACKWAY2_checking-full-extent-and-finding-out-end-of-it.gpx,2026-04-07T07:37:33Z,"c(34.499911, -18.899588)",4.41981225640669,2,7.955662061532042,8.098327858868826,07:37,2. Colony Extent Check
TRACKWAY2_checking-full-extent-and-finding-out-end-of-it.gpx,2026-04-07T07:37:37Z,"c(34.499993, -18.899566)",8.96658127332225,4,8.069923145990025,8.01626300657811,07:37,2. Colony Extent Check
TRACKWAY2_checking-full-extent-and-finding-out-end-of-it.gpx,2026-04-07T07:37:43Z,"c(34.50011, -18.899519)",13.372006353687109,6,8.023203812212264,8.024052839742941,07:37,2. Colony Extent Check
TRACKWAY2_checking-full-extent-and-finding-out-end-of-it.gpx,2026-04-07T07:37:45Z,"c(34.500132, -18.899485)",4.432795311681408,2,7.979031561026535,10.073091718483356,07:37,2. Colony Extent Check
TRACKWAY2_checking-full-extent-and-finding-out-end-of-it.gpx,2026-04-07T07:37:46Z,"c(34.500169, -18.899479)",3.9491777172809077,1,14.217039782211268,10.190848863040536,07:37,2. Colony Extent Check
TRACKWAY2_checking-full-extent-and-finding-out-end-of-it.gpx,2026-04-07T07:37:54Z,"c(34.500325, -18.8994)",18.614389435297348,8,8.376475245883807,10.363479197501606,07:37,2. Colony Extent Check
TRACKWAY2_checking-full-extent-and-finding-out-end-of-it.gpx,2026-04-07T07:38:00Z,"c(34.500428, -18.899318)",14.161537607349574,6,8.496922564409745,8.207470548582311,07:38,2. Colony Extent Check
TRACKWAY2_checking-full-extent-and-finding-out-end-of-it.gpx,2026-04-07T07:38:10Z,"c(34.500535, -18.899153)",21.52503843181495,10,7.749013835453381,8.352520041448525,07:38,2. Colony Extent Check
TRACKWAY2_checking-full-extent-and-finding-out-end-of-it.gpx,2026-04-07T07:38:15Z,"c(34.500616, -18.899074)",12.238366284003398,5,8.811623724482446,8.203390180165547,07:38,2. Colony Extent Check
TRACKWAY2_checking-full-extent-and-finding-out-end-of-it.gpx,2026-04-07T07:38:21Z,"c(34.500733, -18.899026)",13.415888300934691,6,8.049532980560816,8.145572144613732,07:38,2. Colony Extent Check
TRACKWAY2_checking-full-extent-and-finding-out-end-of-it.gpx,2026-04-07T07:38:25Z,"c(34.500812, -18.899014)",8.417288587553262,4,7.575559728797936,8.40677408565936,07:38,2. Colony Extent Check
TRACKWAY2_checking-full-extent-and-finding-out-end-of-it.gpx,2026-04-07T07:38:28Z,"c(34.500888, -18.899015)",7.9960246230161065,3,9.595229547619327,8.593995077772508,07:38,2. Colony Extent Check
TRACKWAY2_checking-full-extent-and-finding-out-end-of-it.gpx,2026-04-07T07:38:30Z,"c(34.500931, -18.899001)",4.7839977538334795,2,8.611195956900263,8.975967608894937,07:38,2. Colony Extent Check
TRACKWAY2_checking-full-extent-and-finding-out-end-of-it.gpx,2026-04-07T07:38:40Z,"c(34.50116, -18.899024)",24.226325894903383,10,8.721477322165219,8.077048680409392,07:38,2. Colony Extent Check
TRACKWAY2_checking-full-extent-and-finding-out-end-of-it.gpx,2026-04-07T07:38:54Z,"c(34.501407, -18.899084)",26.82739407507716,14,6.898472762162697,6.675339783947919,07:38,2. Colony Extent Check
TRACKWAY2_checking-full-extent-and-finding-out-end-of-it.gpx,2026-04-07T07:39:03Z,"c(34.501498, -18.899133)",11.015173168789598,9,4.40606926751584,5.334409785815623,07:39,2. Colony Extent Check
TRACKWAY2_checking-full-extent-and-finding-out-end-of-it.gpx,2026-04-07T07:39:16Z,"c(34.501617, -18.899236)",16.967482016941194,13,4.698687327768331,4.743360164852296,07:39,2. Colony Extent Check
TRACKWAY2_checking-full-extent-and-finding-out-end-of-it.gpx,2026-04-07T07:39:38Z,"c(34.501909, -18.899291)",31.321423828888832,22,5.125323899272718,5.348280794476954,07:39,2. Colony Extent Check
TRACKWAY2_checking-full-extent-and-finding-out-end-of-it.gpx,2026-04-07T07:39:40Z,"c(34.501927, -18.899317)",3.4560173091054525,2,6.220831156389814,6.2769224346691495,07:39,2. Colony Extent Check
TRACKWAY2_checking-full-extent-and-finding-out-end-of-it.gpx,2026-04-07T07:39:46Z,"c(34.50204, -18.899351)",12.474353747241526,6,7.4846122483449165,6.9070652616297865,07:39,2. Colony Extent Check
TRACKWAY2_checking-full-extent-and-finding-out-end-of-it.gpx,2026-04-07T07:40:06Z,"c(34.502345, -18.89955)",38.97640211197016,20,7.015752380154629,7.42178614150824,07:40,2. Colony Extent Check
TRACKWAY2_checking-full-extent-and-finding-out-end-of-it.gpx,2026-04-07T07:40:17Z,"c(34.5025, -18.899705)",23.726369932299143,11,7.764993796025174,7.3784481387351555,07:40,2. Colony Extent Check
TRACKWAY2_checking-full-extent-and-finding-out-end-of-it.gpx,2026-04-07T07:40:25Z,"c(34.502622, -18.899796)",16.343551644501474,8,7.3545982400256635,7.6119551838209105,07:40,2. Colony Extent Check
TRACKWAY2_checking-full-extent-and-finding-out-end-of-it.gpx,2026-04-07T07:40:33Z,"c(34.502758, -18.899881)",17.1472744786931,8,7.716273515411895,7.550515824214608,07:40,2. Colony Extent Check
TRACKWAY2_checking-full-extent-and-finding-out-end-of-it.gpx,2026-04-07T07:40:35Z,"c(34.502781, -18.899912)",4.211486509559037,2,7.580675717206266,7.288238713843709,07:40,2. Colony Extent Check
TRACKWAY2_checking-full-extent-and-finding-out-end-of-it.gpx,2026-04-07T07:40:45Z,"c(34.502926, -18.900002)",18.243796969202688,10,6.567766908912968,7.213868316211789,07:40,2. Colony Extent Check
TRACKWAY2_checking-full-extent-and-finding-out-end-of-it.gpx,2026-04-07T07:40:58Z,"c(34.503109, -18.900173)",27.05864172019714,13,7.493162322516132,7.920183707574801,07:40,2. Colony Extent Check
TRACKWAY2_checking-full-extent-and-finding-out-end-of-it.gpx,2026-04-07T07:41:03Z,"c(34.503222, -18.90023)",13.471697071243476,5,9.699621891295303,9.084141900425083,07:41,2. Colony Extent Check
TRACKWAY2_checking-full-extent-and-finding-out-end-of-it.gpx,2026-04-07T07:41:17Z,"c(34.503507, -18.900456)",39.12082800680372,14,10.059641487463814,9.756973839499276,07:41,2. Colony Extent Check
TRACKWAY2_checking-full-extent-and-finding-out-end-of-it.gpx,2026-04-07T07:41:29Z,"c(34.5037, -18.900675)",31.70552713246236,12,9.511658139738708,9.641860939418615,07:41,2. Colony Extent Check
TRACKWAY2_checking-full-extent-and-finding-out-end-of-it.gpx,2026-04-07T07:41:33Z,"c(34.503771, -18.90074)",10.393647990059247,4,9.354283191053323,9.478337744133587,07:41,2. Colony Extent Check
TRACKWAY2_checking-full-extent-and-finding-out-end-of-it.gpx,2026-04-07T07:42:02Z,"c(34.5042, -18.901302)",77.08419031851476,29,9.569071901608728,9.559750270650044,07:42,2. Colony Extent Check
TRACKWAY2_checking-full-extent-and-finding-out-end-of-it.gpx,2026-04-07T07:42:10Z,"c(34.504299, -18.901473)",21.67976826508462,8,9.755895719288079,9.626294681746495,07:42,2. Colony Extent Check
TRACKWAY2_checking-full-extent-and-finding-out-end-of-it.gpx,2026-04-07T07:42:23Z,"c(34.504421, -18.901761)",34.500253754570785,13,9.55391642434268,9.479671167121825,07:42,2. Colony Extent Check
TRACKWAY2_checking-full-extent-and-finding-out-end-of-it.gpx,2026-04-07T07:42:25Z,"c(34.504446, -18.9018)",5.071778532074842,2,9.129201357734717,9.65559581387689,07:42,2. Colony Extent Check
TRACKWAY2_checking-full-extent-and-finding-out-end-of-it.gpx,2026-04-07T07:42:32Z,"c(34.504494, -18.901974)",19.996024338020252,7,10.283669659553272,9.733478412442487,07:42,2. Colony Extent Check
TRACKWAY2_checking-full-extent-and-finding-out-end-of-it.gpx,2026-04-07T07:42:58Z,"c(34.504713, -18.902575)",70.68796381139619,26,9.787564220039473,10.145989966885992,07:42,2. Colony Extent Check
TRACKWAY2_checking-full-extent-and-finding-out-end-of-it.gpx,2026-04-07T07:43:05Z,"c(34.50479, -18.902741)",20.15754226318239,7,10.366736021065229,10.356035903313183,07:43,2. Colony Extent Check
TRACKWAY2_checking-full-extent-and-finding-out-end-of-it.gpx,2026-04-07T07:43:07Z,"c(34.504798, -18.902795)",6.063226371574915,2,10.913807468834847,10.35149640341745,07:43,2. Colony Extent Check
TRACKWAY2_checking-full-extent-and-finding-out-end-of-it.gpx,2026-04-07T07:43:40Z,"c(34.50513, -18.903537)",89.59450243656248,33,9.773945720352271,10.177579047865692,07:43,2. Colony Extent Check
TRACKWAY2_checking-full-extent-and-finding-out-end-of-it.gpx,2026-04-07T07:43:46Z,"c(34.505176, -18.903678)",16.408306590683257,6,9.844983954409955,9.590030360990783,07:43,2. Colony Extent Check
TRACKWAY2_checking-full-extent-and-finding-out-end-of-it.gpx,2026-04-07T07:44:01Z,"c(34.505243, -18.904015)",38.1298392008755,15,9.15116140821012,9.743877287144684,07:44,2. Colony Extent Check
TRACKWAY2_checking-full-extent-and-finding-out-end-of-it.gpx,2026-04-07T07:44:10Z,"c(34.505251, -18.904245)",25.58871624703494,9,10.235486498813977,9.692847372207831,07:44,2. Colony Extent Check
TRACKWAY2_checking-full-extent-and-finding-out-end-of-it.gpx,2026-04-07T07:44:28Z,"c(34.505223, -18.90468)",48.45947104799698,18,9.691894209599395,9.845501105844823,07:44,2. Colony Extent Check
TRACKWAY2_checking-full-extent-and-finding-out-end-of-it.gpx,2026-04-07T07:44:34Z,"c(34.505226, -18.904824)",16.01520434853516,6,9.609122609121098,9.81407912721602,07:44,2. Colony Extent Check
TRACKWAY2_checking-full-extent-and-finding-out-end-of-it.gpx,2026-04-07T07:44:52Z,"c(34.505304, -18.905274)",50.706102814637845,18,10.14122056292757,9.843326425729584,07:44,2. Colony Extent Check
TRACKWAY2_checking-full-extent-and-finding-out-end-of-it.gpx,2026-04-07T07:45:18Z,"c(34.505476, -18.905888)",70.63070520378949,26,9.779636105140083,9.447592950296348,07:45,2. Colony Extent Check
TRACKWAY2_checking-full-extent-and-finding-out-end-of-it.gpx,2026-04-07T07:45:38Z,"c(34.505708, -18.906247)",46.78845657122996,20,8.421922182821392,8.45430301795663,07:45,2. Colony Extent Check
TRACKWAY2_checking-full-extent-and-finding-out-end-of-it.gpx,2026-04-07T07:45:49Z,"c(34.505832, -18.906405)",21.88190511805349,11,7.161350765908415,6.813501780387771,07:45,2. Colony Extent Check
TRACKWAY2_checking-full-extent-and-finding-out-end-of-it.gpx,2026-04-07T07:46:18Z,"c(34.506004, -18.906717)",39.12770538349213,29,4.857232392433506,5.999291471087963,07:46,2. Colony Extent Check
TRACKWAY2_checking-full-extent-and-finding-out-end-of-it.gpx,2026-04-07T07:46:21Z,"c(34.506044, -18.906741)",4.982742712434972,3,5.979291254921967,4.989860601444854,07:46,2. Colony Extent Check
TRACKWAY2_checking-full-extent-and-finding-out-end-of-it.gpx,2026-04-07T07:46:24Z,"c(34.50603, -18.906769)",3.4442151308159077,3,4.133058156979089,4.7040379832426975,07:46,2. Colony Extent Check
TRACKWAY2_checking-full-extent-and-finding-out-end-of-it.gpx,2026-04-07T07:46:39Z,"c(34.506055, -18.906917)",16.665685574279312,15,3.9997645378270352,4.317118645846086,07:46,2. Colony Extent Check
TRACKWAY2_checking-full-extent-and-finding-out-end-of-it.gpx,2026-04-07T07:46:44Z,"c(34.50605, -18.906977)",6.692407281572407,5,4.8185332427321335,3.20112808739204,07:46,2. Colony Extent Check
TRACKWAY2_checking-full-extent-and-finding-out-end-of-it.gpx,2026-04-07T07:47:30Z,"c(34.505997, -18.907052)",10.031660598438824,46,0.7850864816169515,2.2328467945186246,07:47,2. Colony Extent Check
TRACKWAY3_counting-part-1.gpx,2026-04-07T07:53:11Z,"c(34.506619, -18.907705)",16.20639080150044,25,2.3337202754160633,6.127817638548996,07:53,3. Counting Survey
TRACKWAY3_counting-part-1.gpx,2026-04-07T07:53:20Z,"c(34.506583, -18.907735)",5.046730759684118,9,2.0186923038736473,1.7504441217346143,07:53,3. Counting Survey
TRACKWAY3_counting-part-1.gpx,2026-04-07T07:53:35Z,"c(34.506549, -18.907745)",3.7454991079755526,15,0.8989197859141326,1.1135790193512507,07:53,3. Counting Survey
TRACKWAY3_counting-part-1.gpx,2026-04-07T07:54:02Z,"c(34.506519, -18.907742)",3.1734372619947906,27,0.4231249682659721,0.644927753553971,07:54,3. Counting Survey
TRACKWAY3_counting-part-1.gpx,2026-04-07T07:54:46Z,"c(34.506467, -18.907696)",7.489026190333214,44,0.6127385064818084,0.7668270170839291,07:54,3. Counting Survey
TRACKWAY3_counting-part-1.gpx,2026-04-07T07:55:13Z,"c(34.506433, -18.907775)",9.48463182378005,27,1.2646175765040069,1.1820752550497413,07:55,3. Counting Survey
TRACKWAY3_counting-part-1.gpx,2026-04-07T07:55:21Z,"c(34.506398, -18.907771)",3.7085992936964636,8,1.6688696821634086,1.483228091362723,07:55,3. Counting Survey
TRACKWAY3_counting-part-1.gpx,2026-04-07T07:55:36Z,"c(34.506347, -18.907741)",6.31748756425314,15,1.5161970154207536,1.3931897915369365,07:55,3. Counting Survey
TRACKWAY3_counting-part-1.gpx,2026-04-07T07:56:07Z,"c(34.506424, -18.907716)",8.563773052173904,31,0.994502677026647,1.197926676395368,07:56,3. Counting Survey
TRACKWAY3_counting-part-1.gpx,2026-04-07T07:56:28Z,"c(34.506386, -18.90776)",6.317968630975772,21,1.0830803367387036,1.1395778769833629,07:56,3. Counting Survey
TRACKWAY3_counting-part-1.gpx,2026-04-07T07:56:40Z,"c(34.506348, -18.907778)",4.47050205728246,12,1.341150617184738,1.1592366979774704,07:56,3. Counting Survey
TRACKWAY3_counting-part-1.gpx,2026-04-07T07:57:08Z,"c(34.506412, -18.907736)",8.193726644514207,28,1.0534791400089696,1.2448859259146718,07:57,3. Counting Survey
TRACKWAY3_counting-part-1.gpx,2026-04-07T07:57:27Z,"c(34.506427, -18.907798)",7.072370108459959,19,1.340028020550308,1.7495928347742808,07:57,3. Counting Survey
TRACKWAY3_counting-part-1.gpx,2026-04-07T07:57:37Z,"c(34.506356, -18.907822)",7.931309288232124,10,2.855271343763565,2.50499517814899,07:57,3. Counting Survey
TRACKWAY3_counting-part-1.gpx,2026-04-07T07:57:41Z,"c(34.506321, -18.90782)",3.688540189036775,4,3.3196861701330973,3.1013237419667266,07:57,3. Counting Survey
TRACKWAY3_counting-part-1.gpx,2026-04-07T07:57:52Z,"c(34.50624, -18.907781)",9.560875231121857,11,3.129013712003517,2.296974010756037,07:57,3. Counting Survey
TRACKWAY3_counting-part-1.gpx,2026-04-07T07:59:29Z,"c(34.506128, -18.907765)",11.915430156320875,97,0.4422221501314964,1.253210103947494,07:59,3. Counting Survey
TRACKWAY3_counting-part-1.gpx,2026-04-07T08:00:31Z,"c(34.506142, -18.907791)",3.2445710782952997,62,0.18839444970746902,0.483579444744845,08:00,3. Counting Survey
TRACKWAY3_counting-part-1.gpx,2026-04-07T08:00:56Z,"c(34.506137, -18.907842)",5.695289822191455,25,0.8201217343955696,0.4826150323407398,08:00,3. Counting Survey
TRACKWAY3_counting-part-1.gpx,2026-04-07T08:01:41Z,"c(34.506156, -18.907888)",5.491611411489761,45,0.4393289129191809,0.5871581388652423,08:01,3. Counting Survey
TRACKWAY3_counting-part-1.gpx,2026-04-07T08:02:16Z,"c(34.506184, -18.907923)",4.88078664578727,35,0.5020237692809765,0.9462965146514771,08:02,3. Counting Survey
TRACKWAY3_counting-part-1.gpx,2026-04-07T08:02:37Z,"c(34.506173, -18.907824)",11.06896502689993,21,1.8975368617542738,1.7397974743727052,08:02,3. Counting Survey
TRACKWAY3_counting-part-1.gpx,2026-04-07T08:02:43Z,"c(34.506178, -18.907782)",4.699719653471442,6,2.8198317920828653,2.6193347571267167,08:02,3. Counting Survey
TRACKWAY3_counting-part-1.gpx,2026-04-07T08:03:05Z,"c(34.506293, -18.907648)",19.1927732183184,22,3.140635617543011,3.6132938383579267,08:03,3. Counting Survey
TRACKWAY3_counting-part-1.gpx,2026-04-07T08:03:13Z,"c(34.506324, -18.907555)",10.843142456550897,8,4.879414105447903,4.23519107286544,08:03,3. Counting Survey
TRACKWAY3_counting-part-1.gpx,2026-04-07T08:03:19Z,"c(34.50633, -18.907485)",7.809205826009012,6,4.685523495605407,4.5921545859349155,08:03,3. Counting Survey
TRACKWAY3_counting-part-1.gpx,2026-04-07T08:03:29Z,"c(34.506323, -18.90738)",11.69868376875399,10,4.211526156751437,4.353373819044381,08:03,3. Counting Survey
TRACKWAY3_counting-part-1.gpx,2026-04-07T08:03:36Z,"c(34.506306, -18.907309)",8.094861842620581,7,4.1630718047762985,3.6006459375292077,08:03,3. Counting Survey
TRACKWAY3_counting-part-1.gpx,2026-04-07T08:04:07Z,"c(34.506219, -18.90714)",20.902093161904585,31,2.4273398510598874,2.582918964153376,08:04,3. Counting Survey
TRACKWAY3_counting-part-1.gpx,2026-04-07T08:04:45Z,"c(34.506135, -18.907064)",12.226977497697177,38,1.158345236623943,1.383760581095348,08:04,3. Counting Survey
TRACKWAY3_counting-part-1.gpx,2026-04-07T08:06:27Z,"c(34.506009, -18.906983)",16.02523857539605,102,0.5655966556022135,0.6641748245739056,08:06,3. Counting Survey
TRACKWAY3_counting-part-1.gpx,2026-04-07T08:08:22Z,"c(34.506085, -18.906955)",8.579721353330399,115,0.2685825814955603,0.4670914176917177,08:08,3. Counting Survey
TRACKWAY3_counting-part-1.gpx,2026-04-07T08:09:34Z,"c(34.506085, -18.906853)",11.341900319547582,72,0.5670950159773792,1.3599669897958708,08:09,3. Counting Survey
TRACKWAY3_counting-part-1.gpx,2026-04-07T08:09:46Z,"c(34.506063, -18.906758)",10.814077906382243,12,3.2442233719146727,2.7435609053289878,08:09,3. Counting Survey
TRACKWAY3_counting-part-1.gpx,2026-04-07T08:09:52Z,"c(34.506021, -18.906705)",7.36560721349152,6,4.419364328094912,3.9244961864904244,08:09,3. Counting Survey
TRACKWAY3_counting-part-1.gpx,2026-04-07T08:09:58Z,"c(34.505963, -18.906677)",6.849834765769482,6,4.109900859461689,3.6155773852734807,08:09,3. Counting Survey
TRACKWAY3_counting-part-1.gpx,2026-04-07T08:10:25Z,"c(34.505799, -18.906658)",17.38100226197881,27,2.3174669682638416,2.288865187279059,08:10,3. Counting Survey
TRACKWAY3_counting-part-1.gpx,2026-04-07T08:11:15Z,"c(34.505745, -18.906638)",6.100385195995086,50,0.4392277341116462,1.0623789422216534,08:11,3. Counting Survey
TRACKWAY3_counting-part-1.gpx,2026-04-07T08:11:54Z,"c(34.505712, -18.90661)",4.6631230131359525,39,0.43044212428947254,0.5161720423313242,08:11,3. Counting Survey
TRACKWAY3_counting-part-1.gpx,2026-04-07T08:12:27Z,"c(34.505654, -18.906599)",6.2227574621011605,33,0.6788462685928539,0.6256951436589927,08:12,3. Counting Survey
TRACKWAY3_counting-part-1.gpx,2026-04-07T08:13:47Z,"c(34.505498, -18.906641)",17.06215640210337,80,0.7677970380946517,0.7656133880648558,08:13,3. Counting Survey
TRACKWAY3_counting-part-1.gpx,2026-04-07T08:14:39Z,"c(34.505383, -18.90666)",12.280621275102002,52,0.8501968575070616,0.8052365184409948,08:14,3. Counting Survey
TRACKWAY3_counting-part-1.gpx,2026-04-07T08:15:29Z,"c(34.505482, -18.906626)",11.07938416279543,50,0.797715659721271,0.5946985935009199,08:15,3. Counting Survey
TRACKWAY3_counting-part-1.gpx,2026-04-07T08:17:04Z,"c(34.505506, -18.906603)",3.5937250030751553,95,0.13618326327442695,0.36849076405876924,08:17,3. Counting Survey
TRACKWAY3_counting-part-1.gpx,2026-04-07T08:18:08Z,"c(34.505479, -18.906613)",3.0501932298775065,64,0.17157336918060975,0.9535866667530184,08:18,3. Counting Survey
TRACKWAY3_counting-part-1.gpx,2026-04-07T08:18:15Z,"c(34.505432, -18.906609)",4.96417321517448,7,2.5530033678040183,1.8310109891343431,08:18,3. Counting Survey
TRACKWAY3_counting-part-1.gpx,2026-04-07T08:18:22Z,"c(34.505399, -18.906572)",5.383109336924669,7,2.7684562304184013,2.965118409056314,08:18,3. Counting Survey
TRACKWAY3_counting-part-1.gpx,2026-04-07T08:18:30Z,"c(34.505384, -18.906502)",7.941990286547828,8,3.5738956289465227,3.2190125812111012,08:18,3. Counting Survey
TRACKWAY3_counting-part-1.gpx,2026-04-07T08:18:34Z,"c(34.505387, -18.906469)",3.6829843158537545,4,3.3146858842683793,3.460344999316817,08:18,3. Counting Survey
TRACKWAY3_counting-part-1.gpx,2026-04-07T08:18:38Z,"c(34.505399, -18.906436)",3.880503871928387,4,3.4924534847355484,3.339576760779327,08:18,3. Counting Survey
TRACKWAY3_counting-part-1.gpx,2026-04-07T08:18:47Z,"c(34.505443, -18.906377)",8.028977283335134,9,3.211590913334054,3.504225065201476,08:18,3. Counting Survey
TRACKWAY3_counting-part-1.gpx,2026-04-07T08:18:55Z,"c(34.505516, -18.906345)",8.463623994521836,8,3.808630797534826,3.668526068298087,08:18,3. Counting Survey
TRACKWAY3_counting-part-1.gpx,2026-04-07T08:19:01Z,"c(34.505579, -18.906341)",6.642260823375636,6,3.985356494025382,3.3205638984923977,08:19,3. Counting Survey
TRACKWAY3_counting-part-1.gpx,2026-04-07T08:19:09Z,"c(34.505623, -18.906353)",4.8171208975933,8,2.1677044039169853,2.4718985679207703,08:19,3. Counting Survey
TRACKWAY3_counting-part-1.gpx,2026-04-07T08:19:24Z,"c(34.505573, -18.906354)",5.260978357583102,15,1.2626348058199446,1.579986702020581,08:19,3. Counting Survey
TRACKWAY3_counting-part-1.gpx,2026-04-07T08:19:44Z,"c(34.50551, -18.906381)",7.275671646248959,20,1.3096208963248126,1.4388498161791932,08:19,3. Counting Survey
TRACKWAY3_counting-part-1.gpx,2026-04-07T08:19:51Z,"c(34.505495, -18.906354)",3.3916822846527106,7,1.7442937463928225,1.3060235498771862,08:19,3. Counting Survey
TRACKWAY3_counting-part-1.gpx,2026-04-07T08:20:17Z,"c(34.505499, -18.906298)",6.241126716600556,26,0.8641560069139231,1.2094560344174607,08:20,3. Counting Survey
TRACKWAY3_counting-part-1.gpx,2026-04-07T08:20:44Z,"c(34.505444, -18.906253)",7.649387624592272,27,1.0199183499456363,1.217822505531571,08:20,3. Counting Survey
TRACKWAY3_counting-part-1.gpx,2026-04-07T08:21:12Z,"c(34.505329, -18.906194)",13.761946797940084,28,1.7693931597351538,1.301607972202735,08:21,3. Counting Survey
TRACKWAY3_counting-part-1.gpx,2026-04-07T08:21:34Z,"c(34.505279, -18.906155)",6.8170202645564215,22,1.1155124069274145,1.0266719268212259,08:21,3. Counting Survey
TRACKWAY3_counting-part-1.gpx,2026-04-07T08:22:26Z,"c(34.505294, -18.906176)",2.818258643793798,52,0.1951102138011091,0.5311969159913144,08:22,3. Counting Survey
TRACKWAY3_counting-part-1.gpx,2026-04-07T08:23:26Z,"c(34.505337, -18.906188)",4.716135454090326,60,0.2829681272454196,0.5894586885643942,08:23,3. Counting Survey
TRACKWAY3_counting-part-1.gpx,2026-04-07T08:24:05Z,"c(34.505281, -18.906302)",13.97822535033875,39,1.2902977246466538,0.7894726911562466,08:24,3. Counting Survey
TRACKWAY3_counting-part-1.gpx,2026-04-07T08:24:25Z,"c(34.505273, -18.906263)",4.417512342092593,20,0.7951522215766667,0.7422514776908203,08:24,3. Counting Survey
TRACKWAY3_counting-part-1.gpx,2026-04-07T08:27:01Z,"c(34.505238, -18.906219)",6.12319443012942,156,0.14130448684914046,1.2009991049160058,08:27,3. Counting Survey
TRACKWAY3_counting-part-1.gpx,2026-04-07T08:27:24Z,"c(34.505149, -18.906091)",17.03623165150301,23,2.66654060632221,1.5207227200928306,08:27,3. Counting Survey
TRACKWAY3_counting-part-1.gpx,2026-04-07T08:27:31Z,"c(34.50518, -18.9061)",3.4111837415972195,7,1.7543230671071415,2.0547000809791873,08:27,3. Counting Survey
TRACKWAY3_counting-part-1.gpx,2026-04-07T08:27:40Z,"c(34.505211, -18.906126)",4.358091423770527,9,1.7432365695082108,1.9596321639822256,08:27,3. Counting Survey
TRACKWAY3_counting-part-1.gpx,2026-04-07T08:28:06Z,"c(34.505052, -18.90609)",17.198543955170678,26,2.3813368553313246,2.4424946216606527,08:28,3. Counting Survey
TRACKWAY3_counting-part-1.gpx,2026-04-07T08:28:15Z,"c(34.504976, -18.906086)",8.007276100356057,9,3.2029104401424227,2.8747976441585403,08:28,3. Counting Survey
TRACKWAY3_counting-part-1.gpx,2026-04-07T08:28:31Z,"c(34.504853, -18.906051)",13.511758386674993,16,3.0401456370018733,3.0629345931851617,08:28,3. Counting Survey
TRACKWAY3_counting-part-1.gpx,2026-04-07T08:28:40Z,"c(34.504814, -18.905996)",7.364369256027972,9,2.945747702411189,2.2742150357354274,08:28,3. Counting Survey
TRACKWAY3_counting-part-1.gpx,2026-04-07T08:29:22Z,"c(34.504737, -18.905947)",9.762103957587565,42,0.8367517677932198,1.351311425923465,08:29,3. Counting Survey
TRACKWAY3_counting-part-1.gpx,2026-04-07T08:30:12Z,"c(34.504714, -18.905921)",3.7699278828609275,50,0.27143480756598676,0.6113960591826251,08:30,3. Counting Survey
TRACKWAY3_counting-part-1.gpx,2026-04-07T08:32:00Z,"c(34.504621, -18.905746)",21.780048065660054,108,0.7260016021886685,0.7107101609748097,08:32,3. Counting Survey
TRACKWAY3_counting-part-1.gpx,2026-04-07T08:32:15Z,"c(34.504628, -18.905788)",4.727891971540723,15,1.1346940731697737,1.0326960370104274,08:32,3. Counting Survey
TRACKWAY3_counting-part-1.gpx,2026-04-07T08:32:38Z,"c(34.504694, -18.905822)",7.905562783465368,23,1.23739243567284,1.0116125585829898,08:32,3. Counting Survey
TRACKWAY3_counting-part-1.gpx,2026-04-07T08:33:00Z,"c(34.504722, -18.905847)",4.050146019983285,22,0.6627511669063557,1.0701861638487709,08:33,3. Counting Survey
TRACKWAY3_counting-part-1.gpx,2026-04-07T08:33:28Z,"c(34.504817, -18.905829)",10.192115803077574,28,1.3104148889671166,1.3217003566289118,08:33,3. Counting Survey
TRACKWAY3_counting-part-1.gpx,2026-04-07T08:33:39Z,"c(34.504869, -18.905805)",6.08646809837386,11,1.9919350140132634,1.9354123691281253,08:33,3. Counting Survey
TRACKWAY3_counting-part-1.gpx,2026-04-07T08:34:00Z,"c(34.504787, -18.905911)",14.606008692356642,21,2.503887204403996,3.645073640064712,08:34,3. Counting Survey
TRACKWAY3_counting-part-1.gpx,2026-04-07T08:34:03Z,"c(34.504736, -18.90591)",5.366165584814063,3,6.4393987017768755,5.616156238557007,08:34,3. Counting Survey
TRACKWAY3_counting-part-1.gpx,2026-04-07T08:34:05Z,"c(34.5047, -18.90589)",4.391768227494527,2,7.905182809490149,6.908559637432476,08:34,3. Counting Survey
TRACKWAY3_counting-part-1.gpx,2026-04-07T08:34:07Z,"c(34.504686, -18.905861)",3.545054111683557,2,6.381097401030403,6.57566586484298,08:34,3. Counting Survey
TRACKWAY3_counting-part-1.gpx,2026-04-07T08:34:18Z,"c(34.504673, -18.905712)",16.624414228914517,11,5.440717384008388,4.416370330133301,08:34,3. Counting Survey
TRACKWAY3_counting-part-1.gpx,2026-04-07T08:35:10Z,"c(34.504686, -18.905527)",20.616500744104933,52,1.4272962053611107,3.012002703972451,08:35,3. Counting Survey
TRACKWAY3_counting-part-1.gpx,2026-04-07T08:35:20Z,"c(34.504664, -18.905477)",6.0222070070773714,10,2.1679945225478536,1.3737222952457477,08:35,3. Counting Survey
TRACKWAY3_counting-part-1.gpx,2026-04-07T08:36:00Z,"c(34.504672, -18.905529)",5.843068420314212,40,0.525876157828279,1.1861955582473815,08:36,3. Counting Survey
TRACKWAY3_counting-part-1.gpx,2026-04-07T08:37:17Z,"c(34.504611, -18.905373)",18.4953143239397,77,0.8647159943660119,0.950399369791854,08:37,3. Counting Survey
TRACKWAY3_counting-part-1.gpx,2026-04-07T08:37:34Z,"c(34.504609, -18.905311)",6.897305908911558,17,1.460605957181271,1.3741707590058807,08:37,3. Counting Survey
TRACKWAY3_counting-part-1.gpx,2026-04-07T08:37:41Z,"c(34.504626, -18.905284)",3.494536743970142,7,1.797190325470359,1.3530759083461776,08:37,3. Counting Survey
TRACKWAY3_counting-part-1.gpx,2026-04-07T08:37:53Z,"c(34.504604, -18.905272)",2.671438141289677,12,0.8014314423869031,1.0918326522165192,08:37,3. Counting Survey
TRACKWAY3_counting-part-1.gpx,2026-04-07T08:38:56Z,"c(34.504623, -18.905167)",11.845333303865173,63,0.6768761887922956,0.9841496498347101,08:38,3. Counting Survey
TRACKWAY3_counting-part-1.gpx,2026-04-07T08:39:05Z,"c(34.504646, -18.905142)",3.6853532958123285,9,1.4741413183249314,1.167178421000177,08:39,3. Counting Survey
TRACKWAY3_counting-part-1.gpx,2026-04-07T08:39:40Z,"c(34.504694, -18.905033)",13.130033737754344,35,1.350517755883304,1.3349739218749055,08:39,3. Counting Survey
TRACKWAY3_counting-part-1.gpx,2026-04-07T08:40:11Z,"c(34.504716, -18.904944)",10.163373176086367,31,1.1802626914164813,1.0726209023051847,08:40,3. Counting Survey
TRACKWAY3_counting-part-1.gpx,2026-04-07T08:41:38Z,"c(34.504737, -18.904796)",16.60448794071442,87,0.6870822596157691,0.8433076816542556,08:41,3. Counting Survey
TRACKWAY3_counting-part-1.gpx,2026-04-07T08:41:53Z,"c(34.504751, -18.904775)",2.7607420580438182,15,0.6625780939305165,0.6947441893239491,08:41,3. Counting Survey
TRACKWAY3_counting-part-1.gpx,2026-04-07T08:43:36Z,"c(34.504753, -18.904586)",21.016927246064686,103,0.7345722144255618,0.9685493000750711,08:43,3. Counting Survey
TRACKWAY3_counting-part-1.gpx,2026-04-07T08:44:00Z,"c(34.50477, -18.904675)",10.056650612460901,24,1.508497591869135,1.246729495700218,08:44,3. Counting Survey
TRACKWAY3_counting-part-1.gpx,2026-04-07T08:44:21Z,"c(34.504815, -18.904609)",8.733192304701419,21,1.4971186808059573,2.096029662939987,08:44,3. Counting Survey
TRACKWAY3_counting-part-1.gpx,2026-04-07T08:44:42Z,"c(34.504844, -18.904439)",19.147757510845064,21,3.2824727161448686,1.7840424379573834,08:44,3. Counting Survey
TRACKWAY3_counting-part-1.gpx,2026-04-07T08:46:05Z,"c(34.504879, -18.904325)",13.200133640130531,83,0.5725359169213243,1.4218994641662983,08:46,3. Counting Survey
TRACKWAY3_counting-part-1.gpx,2026-04-07T08:46:44Z,"c(34.504915, -18.904304)",4.4491390605209356,39,0.41068975943270175,0.5032192903808684,08:46,3. Counting Survey
TRACKWAY3_counting-part-1.gpx,2026-04-07T08:47:41Z,"c(34.504933, -18.904231)",8.335176417485838,57,0.5264321947885793,0.9981448825828014,08:47,3. Counting Survey
TRACKWAY3_counting-part-1.gpx,2026-04-07T08:48:02Z,"c(34.505014, -18.904155)",12.000990712241551,21,2.0573126935271233,3.734956116330962,08:48,3. Counting Survey
TRACKWAY3_counting-part-1.gpx,2026-04-07T08:48:10Z,"c(34.505073, -18.903992)",19.158052134838186,8,8.621123460677184,5.3430732719781915,08:48,3. Counting Survey
TRACKWAY3_counting-part-1.gpx,2026-04-07T08:48:13Z,"c(34.505076, -18.903952)",4.458986384775223,3,5.350783661730268,6.394098361343261,08:48,3. Counting Survey
TRACKWAY3_counting-part-1.gpx,2026-04-07T08:48:19Z,"c(34.505057, -18.903876)",8.683979936037217,6,5.21038796162233,3.7086744372097304,08:48,3. Counting Survey
TRACKWAY3_counting-part-1.gpx,2026-04-07T08:50:18Z,"c(34.504959, -18.903736)",18.671486362476298,119,0.5648516882765938,2.3808402834331606,08:50,3. Counting Survey
TRACKWAY3_counting-part-1.gpx,2026-04-07T08:51:42Z,"c(34.505034, -18.903458)",31.903228009346346,84,1.3672812004005577,0.9740923809600652,08:51,3. Counting Survey
TRACKWAY3_counting-part-1.gpx,2026-04-07T08:52:10Z,"c(34.504975, -18.903499)",7.701121977134789,28,0.9901442542030443,1.5670364330231594,08:52,3. Counting Survey
TRACKWAY3_counting-part-1.gpx,2026-04-07T08:52:40Z,"c(34.504849, -18.903628)",19.5306987038823,30,2.3436838444658763,1.8621931580970745,08:52,3. Counting Survey
TRACKWAY3_counting-part-1.gpx,2026-04-07T08:53:00Z,"c(34.504809, -18.903522)",12.515285420123906,20,2.252751375622303,2.032516983267103,08:53,3. Counting Survey
TRACKWAY3_counting-part-1.gpx,2026-04-07T08:53:50Z,"c(34.504834, -18.903336)",20.848829579349033,50,1.5011157297131303,1.6918025518222641,08:53,3. Counting Survey
TRACKWAY3_counting-part-1.gpx,2026-04-07T08:54:00Z,"c(34.504835, -18.903369)",3.670945972587109,10,1.3215405501313593,1.6526703609512943,08:54,3. Counting Survey
TRACKWAY3_counting-part-1.gpx,2026-04-07T08:54:07Z,"c(34.504872, -18.903382)",4.152078783629375,7,2.135354803009393,1.7628272303288484,08:54,3. Counting Survey
TRACKWAY3_counting-part-1.gpx,2026-04-07T08:54:15Z,"c(34.504879, -18.903418)",4.07019186187954,8,1.8315863378457928,1.9386348333856749,08:54,3. Counting Survey
TRACKWAY3_counting-part-1.gpx,2026-04-07T08:54:25Z,"c(34.504841, -18.903389)",5.136009331393995,10,1.8489633593018386,2.1426647416665,08:54,3. Counting Survey
TRACKWAY3_counting-part-1.gpx,2026-04-07T08:54:42Z,"c(34.504797, -18.90328)",12.974043603744935,17,2.7474445278518687,2.2544473722600173,08:54,3. Counting Survey
TRACKWAY3_counting-part-1.gpx,2026-04-07T08:54:47Z,"c(34.504799, -18.903307)",3.009630874481034,5,2.1669342296263445,2.163526321068486,08:54,3. Counting Survey
TRACKWAY3_counting-part-1.gpx,2026-04-07T08:54:55Z,"c(34.504786, -18.903278)",3.5026671238383216,8,1.5762002057272448,1.9758429900041232,08:54,3. Counting Survey
TRACKWAY3_counting-part-1.gpx,2026-04-07T08:55:13Z,"c(34.504779, -18.90318)",10.9219726732939,18,2.1843945346587805,1.540247644135506,08:55,3. Counting Survey
TRACKWAY3_counting-part-1.gpx,2026-04-07T08:56:35Z,"c(34.504857, -18.90302)",19.592264373800102,82,0.8601481920204923,1.4733860497845057,08:56,3. Counting Survey
TRACKWAY3_counting-part-1.gpx,2026-04-07T08:57:47Z,"c(34.505045, -18.902848)",27.512308453484877,72,1.375615422674244,3.855650448607051,08:57,3. Counting Survey
TRACKWAY3_counting-part-1.gpx,2026-04-07T08:57:49Z,"c(34.505072, -18.902809)",5.18399318395912,2,9.331187731126416,8.70963671020288,08:57,3. Counting Survey
TRACKWAY3_counting-part-1.gpx,2026-04-07T08:57:51Z,"c(34.505075, -18.902732)",8.567837209337764,2,15.422106976807976,13.537744377635075,08:57,3. Counting Survey
TRACKWAY3_counting-part-1.gpx,2026-04-07T08:57:53Z,"c(34.505032, -18.902664)",8.811076902761574,2,15.859938424970833,16.44436847056687,08:57,3. Counting Survey
TRACKWAY3_counting-part-1.gpx,2026-04-07T08:57:55Z,"c(34.504959, -18.902606)",10.02836667217878,2,18.051060009921805,17.037599389975604,08:57,3. Counting Survey
TRACKWAY3_counting-part-1.gpx,2026-04-07T08:57:58Z,"c(34.504827, -18.902574)",14.334833112528475,3,17.20179973503417,17.737916771522286,08:57,3. Counting Survey
TRACKWAY3_counting-part-1.gpx,2026-04-07T08:58:00Z,"c(34.504733, -18.902586)",9.97827253867271,2,17.96089056961088,17.54200578908122,08:58,3. Counting Survey
TRACKWAY3_counting-part-1.gpx,2026-04-07T08:58:03Z,"c(34.5046, -18.902622)",14.552772552165504,3,17.463327062598605,14.71265218561976,08:58,3. Counting Survey
TRACKWAY3_counting-part-1.gpx,2026-04-07T08:58:08Z,"c(34.504485, -18.902625)",12.102415173124719,5,8.713738924649798,10.71037148613781,08:58,3. Counting Survey
TRACKWAY3_counting-part-1.gpx,2026-04-07T08:58:13Z,"c(34.504409, -18.902606)",8.269511765506982,5,5.954048471165027,5.858758945680343,08:58,3. Counting Survey
TRACKWAY3_counting-part-1.gpx,2026-04-07T08:58:27Z,"c(34.50433, -18.902537)",11.310792271435233,14,2.9084894412262026,3.2199888930920055,08:58,3. Counting Survey
TRACKWAY3_counting-part-1.gpx,2026-04-07T08:59:10Z,"c(34.504295, -18.902458)",9.524843604457182,43,0.7974287668847873,1.4489390038009653,08:59,3. Counting Survey
TRACKWAY3_counting-part-1.gpx,2026-04-07T08:59:55Z,"c(34.504323, -18.902391)",8.011235041148826,45,0.6408988032919061,0.8675273829124469,08:59,3. Counting Survey
TRACKWAY3_counting-part-1.gpx,2026-04-07T09:00:46Z,"c(34.504427, -18.90228)",16.493606529609174,51,1.1642545785606475,1.7920017338000749,09:00,3. Counting Survey
TRACKWAY3_counting-part-1.gpx,2026-04-07T09:01:03Z,"c(34.504486, -18.902139)",16.86235581453067,17,3.5708518195476713,2.2814590612775816,09:01,3. Counting Survey
TRACKWAY3_counting-part-1.gpx,2026-04-07T09:02:00Z,"c(34.504516, -18.90184)",33.39678744063674,57,2.109270785724426,2.0562863300651317,09:02,3. Counting Survey
TRACKWAY3_counting-part-1.gpx,2026-04-07T09:02:39Z,"c(34.504529, -18.901794)",5.2946441700024,39,0.4887363849232984,1.5037791419686648,09:02,3. Counting Survey
TRACKWAY3_counting-part-1.gpx,2026-04-07T09:03:19Z,"c(34.504478, -18.901979)",21.259225058425223,40,1.91333025525827,1.4171530379508128,09:03,3. Counting Survey
TRACKWAY3_counting-part-1.gpx,2026-04-07T09:03:28Z,"c(34.50449, -18.902019)",4.623481184177175,9,1.84939247367087,1.6299713120524726,09:03,3. Counting Survey
TRACKWAY3_counting-part-1.gpx,2026-04-07T09:03:39Z,"c(34.504465, -18.901999)",3.4441953554197373,11,1.1271912072282777,2.0181124102158714,09:03,3. Counting Survey
TRACKWAY3_counting-part-1.gpx,2026-04-07T09:03:57Z,"c(34.504394, -18.901878)",15.388767748742334,18,3.0777535497484667,2.370193558204862,09:03,3. Counting Survey
TRACKWAY3_counting-part-1.gpx,2026-04-07T09:04:30Z,"c(34.504331, -18.901646)",26.63499591168021,33,2.905635917637841,3.400781825204739,09:04,3. Counting Survey
TRACKWAY3_counting-part-1.gpx,2026-04-07T09:04:41Z,"c(34.504269, -18.901546)",12.891254469585279,11,4.218956008227909,3.448832440810371,09:04,3. Counting Survey
TRACKWAY3_counting-part-1.gpx,2026-04-07T09:04:53Z,"c(34.504206, -18.90147)",10.739684655217879,12,3.2219053965653637,2.985225739996097,09:04,3. Counting Survey
TRACKWAY3_counting-part-1.gpx,2026-04-07T09:05:23Z,"c(34.504115, -18.901396)",12.623465126625153,30,1.5148158151950184,2.1229121318192608,09:05,3. Counting Survey
TRACKWAY3_counting-part-1.gpx,2026-04-07T09:05:35Z,"c(34.504105, -18.901348)",5.4400506123246695,12,1.6320151836974008,2.056625527749209,09:05,3. Counting Survey
TRACKWAY3_counting-part-1.gpx,2026-04-07T09:05:47Z,"c(34.50406, -18.901268)",10.076818614517363,12,3.023045584355209,2.751428548044696,09:05,3. Counting Survey
TRACKWAY3_counting-part-1.gpx,2026-04-07T09:05:55Z,"c(34.503993, -18.901234)",7.998277502403284,8,3.599224876081478,2.882166456779065,09:05,3. Counting Survey
TRACKWAY3_counting-part-1.gpx,2026-04-07T09:06:10Z,"c(34.503913, -18.901229)",8.434287124585449,15,2.0242289099005077,2.1172968890106207,09:06,3. Counting Survey
TRACKWAY3_counting-part-1.gpx,2026-04-07T09:06:46Z,"c(34.503852, -18.90126)",7.284368810498764,36,0.7284368810498765,1.0259043998863642,09:06,3. Counting Survey
TRACKWAY3_counting-part-1.gpx,2026-04-07T09:08:02Z,"c(34.503877, -18.901203)",6.862111961628287,76,0.32504740870870835,0.5526206374481768,09:08,3. Counting Survey
TRACKWAY3_counting-part-1.gpx,2026-04-07T09:08:54Z,"c(34.503945, -18.901158)",8.729898992908101,52,0.6043776225859455,0.8122093269591428,09:08,3. Counting Survey
TRACKWAY3_counting-part-1.gpx,2026-04-07T09:09:14Z,"c(34.504023, -18.901173)",8.373349719904303,20,1.5072029495827746,4.244219583021987,09:09,3. Counting Survey
TRACKWAY3_counting-part-1.gpx,2026-04-07T09:09:16Z,"c(34.504079, -18.90117)",5.900598987165134,2,10.621078176897242,6.8984564504154,09:09,3. Counting Survey
TRACKWAY3_counting-part-1.gpx,2026-04-07T09:09:18Z,"c(34.504119, -18.90115)",4.759493458203433,2,8.56708822476618,12.548604586626375,09:09,3. Counting Survey
TRACKWAY3_counting-part-1.gpx,2026-04-07T09:09:19Z,"c(34.504145, -18.901111)",5.127124266171029,1,18.457647358215702,13.078547142246364,09:09,3. Counting Survey
TRACKWAY3_counting-part-1.gpx,2026-04-07T09:09:21Z,"c(34.504165, -18.901053)",6.783836579865118,2,12.210905843757212,14.337795294806938,09:09,3. Counting Survey
TRACKWAY3_counting-part-1.gpx,2026-04-07T09:09:23Z,"c(34.504146, -18.900994)",6.8582403791377216,2,12.3448326824479,12.35869355301742,09:09,3. Counting Survey
TRACKWAY3_counting-part-1.gpx,2026-04-07T09:09:25Z,"c(34.504097, -18.900952)",6.955745629359527,2,12.520342132847148,12.745366669911308,09:09,3. Counting Survey
TRACKWAY3_counting-part-1.gpx,2026-04-07T09:09:26Z,"c(34.504063, -18.900943)",3.7141458873441326,1,13.370925194438877,12.8783441158275,09:09,3. Counting Survey
TRACKWAY3_counting-part-1.gpx,2026-04-07T09:09:28Z,"c(34.503996, -18.900949)",7.079869455664711,2,12.743765020196479,13.044350504915359,09:09,3. Counting Survey
TRACKWAY3_counting-part-1.gpx,2026-04-07T09:09:30Z,"c(34.503935, -18.900979)",7.232422944505955,2,13.018361300110719,12.735591191693011,09:09,3. Counting Survey
TRACKWAY3_counting-part-1.gpx,2026-04-07T09:09:33Z,"c(34.503875, -18.901053)",10.370539378976527,3,12.444647254771834,11.731901434340852,09:09,3. Counting Survey
TRACKWAY3_counting-part-1.gpx,2026-04-07T09:09:35Z,"c(34.503851, -18.901096)",5.407053193411113,2,9.732695748140005,8.5024479892901,09:09,3. Counting Survey
TRACKWAY3_counting-part-1.gpx,2026-04-07T09:09:59Z,"c(34.503783, -18.901285)",22.20000643305641,24,3.330000964958461,4.664245778926233,09:09,3. Counting Survey
TRACKWAY3_counting-part-1.gpx,2026-04-07T09:10:16Z,"c(34.503819, -18.901265)",4.391858500712218,17,0.9300406236802344,1.6216490749746093,09:10,3. Counting Survey
TRACKWAY3_counting-part-1.gpx,2026-04-07T09:11:09Z,"c(34.503823, -18.901345)",8.90555520086445,53,0.6049056362851324,0.7113172901794256,09:11,3. Counting Survey
TRACKWAY3_counting-part-1.gpx,2026-04-07T09:11:26Z,"c(34.503842, -18.901363)",2.828637605483185,17,0.5990056105729098,1.0075890216657448,09:11,3. Counting Survey
TRACKWAY3_counting-part-1.gpx,2026-04-07T09:11:35Z,"c(34.503829, -18.901402)",4.54713954534798,9,1.818855818139192,1.349130649235505,09:11,3. Counting Survey
TRACKWAY3_counting-part-1.gpx,2026-04-07T09:11:45Z,"c(34.503789, -18.901417)",4.52647366387337,10,1.6295305189944131,1.847192254296269,09:11,3. Counting Survey
TRACKWAY3_counting-part-1.gpx,2026-04-07T09:12:01Z,"c(34.503702, -18.901402)",9.30306855891201,16,2.093190425755202,2.5005801273568573,09:12,3. Counting Survey
TRACKWAY3_counting-part-1.gpx,2026-04-07T09:12:14Z,"c(34.503585, -18.901349)",13.646459079214566,13,3.7790194373209567,3.090865734298043,09:12,3. Counting Survey
TRACKWAY3_counting-part-1.gpx,2026-04-07T09:12:24Z,"c(34.503498, -18.901328)",9.44552038838325,10,3.40038733981797,4.066135839218452,09:12,3. Counting Survey
TRACKWAY3_counting-part-1.gpx,2026-04-07T09:12:28Z,"c(34.503445, -18.901327)",5.576667489462699,4,5.01900074051643,4.021982669913675,09:12,3. Counting Survey
TRACKWAY3_counting-part-1.gpx,2026-04-07T09:12:35Z,"c(34.503381, -18.901347)",7.09053319606844,7,3.646559929406626,4.182571771991223,09:12,3. Counting Survey
TRACKWAY3_counting-part-1.gpx,2026-04-07T09:12:50Z,"c(34.503248, -18.90142)",16.175644358544226,15,3.8821546460506142,3.6697885849075393,09:12,3. Counting Survey
TRACKWAY3_counting-part-1.gpx,2026-04-07T09:12:58Z,"c(34.503198, -18.901471)",7.734780398367507,8,3.480651179265378,3.665842413173203,09:12,3. Counting Survey
TRACKWAY3_counting-part-1.gpx,2026-04-07T09:13:06Z,"c(34.503171, -18.901539)",8.077158698230258,8,3.634721414203616,3.058190400842303,09:13,3. Counting Survey
TRACKWAY3_counting-part-1.gpx,2026-04-07T09:13:30Z,"c(34.503191, -18.901661)",13.727990727052767,24,2.059198609057915,2.852345646208482,09:13,3. Counting Survey
TRACKWAY3_counting-part-1.gpx,2026-04-07T09:13:38Z,"c(34.503211, -18.901715)",6.362482034142032,8,2.8631169153639147,2.0051235651850003,09:13,3. Counting Survey
TRACKWAY3_counting-part-1.gpx,2026-04-07T09:13:54Z,"c(34.50324, -18.901749)",4.858022982814095,16,1.0930551711331715,2.920847240327573,09:13,3. Counting Survey
TRACKWAY3_counting-part-1.gpx,2026-04-07T09:14:01Z,"c(34.503237, -18.901833)",9.345718733722066,7,4.806369634485634,2.988838665860244,09:14,3. Counting Survey
TRACKWAY3_counting-part-1.gpx,2026-04-07T09:14:17Z,"c(34.503182, -18.901944)",13.631516408719675,16,3.067091191961927,3.8285260512325245,09:14,3. Counting Survey
TRACKWAY3_counting-part-1.gpx,2026-04-07T09:14:33Z,"c(34.503171, -18.902088)",16.053854787777833,16,3.6121173272500124,3.4298317779174288,09:14,3. Counting Survey
TRACKWAY3_counting-part-1.gpx,2026-04-07T09:14:44Z,"c(34.503193, -18.902185)",11.031431933317728,11,3.6102868145403475,3.324619417836244,09:14,3. Counting Survey
TRACKWAY3_counting-part-1.gpx,2026-04-07T09:14:58Z,"c(34.5032, -18.902281)",10.700099323349225,14,2.751454111718372,2.58591072746279,09:14,3. Counting Survey
TRACKWAY3_counting-part-1.gpx,2026-04-07T09:15:46Z,"c(34.503252, -18.902441)",18.61321674839534,48,1.3959912561296506,1.6022151820808705,09:15,3. Counting Survey
TRACKWAY3_counting-part-1.gpx,2026-04-07T09:16:42Z,"c(34.503304, -18.902519)",10.254224997249162,56,0.659200178394589,1.2094635245551553,09:16,3. Counting Survey
TRACKWAY3_counting-part-1.gpx,2026-04-07T09:17:17Z,"c(34.503317, -18.902656)",15.294991630539702,35,1.5731991391412266,1.4379096267224447,09:17,3. Counting Survey
TRACKWAY3_counting-part-1.gpx,2026-04-07T09:18:10Z,"c(34.503026, -18.902668)",30.641796338741795,53,2.0813295626315185,2.976383855380669,09:18,3. Counting Survey
TRACKWAY3_counting-part-1.gpx,2026-04-07T09:18:15Z,"c(34.502964, -18.902698)",7.325865089401754,5,5.274622864369263,4.1028365839355825,09:18,3. Counting Survey
TRACKWAY3_counting-part-1.gpx,2026-04-07T09:18:25Z,"c(34.502887, -18.902798)",13.757103680016568,10,4.952557324805965,4.5032198585856165,09:18,3. Counting Survey
TRACKWAY3_counting-part-1.gpx,2026-04-07T09:18:35Z,"c(34.502887, -18.90288)",9.11799829606006,10,3.2824793865816217,3.2197433609967514,09:18,3. Counting Survey
TRACKWAY3_counting-part-1.gpx,2026-04-07T09:19:13Z,"c(34.502936, -18.903007)",15.03315225580594,38,1.424193371602668,2.1489855473733392,09:19,3. Counting Survey
TRACKWAY3_counting-part-1.gpx,2026-04-07T09:19:25Z,"c(34.502986, -18.903029)",5.800946279785761,12,1.7402838839357284,2.467015475409862,09:19,3. Counting Survey
TRACKWAY3_counting-part-1.gpx,2026-04-07T09:19:32Z,"c(34.503049, -18.903073)",8.237773387455093,7,4.23656917069119,2.924647023048702,09:19,3. Counting Survey
TRACKWAY3_counting-part-1.gpx,2026-04-07T09:20:03Z,"c(34.503269, -18.903133)",24.08603568058189,31,2.797088014519187,3.3464415594079497,09:20,3. Counting Survey
TRACKWAY3_counting-part-1.gpx,2026-04-07T09:20:27Z,"c(34.503402, -18.903262)",20.037783286756476,24,3.0056674930134712,2.347002730560974,09:20,3. Counting Survey
TRACKWAY3_counting-part-1.gpx,2026-04-07T09:22:01Z,"c(34.503323, -18.903543)",32.332153419479106,94,1.2382526841502637,2.5583952677174775,09:22,3. Counting Survey
TRACKWAY3_counting-part-1.gpx,2026-04-07T09:22:10Z,"c(34.503328, -18.90362)",8.578164064971743,9,3.431265625988697,2.89349482051658,09:22,3. Counting Survey
TRACKWAY3_counting-part-1.gpx,2026-04-07T09:22:18Z,"c(34.503363, -18.903693)",8.913258114246174,8,4.010966151410779,3.576600352857891,09:22,3. Counting Survey
TRACKWAY3_counting-part-1.gpx,2026-04-07T09:22:25Z,"c(34.503412, -18.903727)",6.392495824505382,7,3.2875692811741963,3.4215113578926983,09:22,3. Counting Survey
TRACKWAY3_counting-part-1.gpx,2026-04-07T09:23:03Z,"c(34.503709, -18.903745)",31.307763433760705,38,2.9659986410931194,2.228905048763086,09:23,3. Counting Survey
TRACKWAY3_counting-part-1.gpx,2026-04-07T09:24:31Z,"c(34.503788, -18.903804)",10.588043253869694,88,0.43314722402194206,1.6532230602192535,09:24,3. Counting Survey
TRACKWAY3_counting-part-1.gpx,2026-04-07T09:25:42Z,"c(34.50381, -18.90408)",30.776987612092114,71,1.5605233155426987,0.9103356219779553,09:25,3. Counting Survey
TRACKWAY3_counting-part-1.gpx,2026-04-07T09:26:57Z,"c(34.503726, -18.904193)",15.36117346602552,75,0.737336326369225,0.8220118729747078,09:26,3. Counting Survey
TRACKWAY3_counting-part-1.gpx,2026-04-07T09:28:09Z,"c(34.503744, -18.904218)",3.3635195402439946,72,0.16817597701219972,0.6851334416788843,09:28,3. Counting Survey
TRACKWAY3_counting-part-1.gpx,2026-04-07T09:28:21Z,"c(34.50375, -18.904252)",3.8329600721840946,12,1.1498880216552285,1.248909635448554,09:28,3. Counting Survey
TRACKWAY3_counting-part-1.gpx,2026-04-07T09:28:43Z,"c(34.503659, -18.904354)",14.841841102478094,22,2.428664907678234,3.033620604624206,09:28,3. Counting Survey
TRACKWAY3_counting-part-1.gpx,2026-04-07T09:29:21Z,"c(34.503326, -18.904773)",58.291038225691075,38,5.522308884539155,3.1942408391286774,09:29,3. Counting Survey
TRACKWAY3_counting-part-1.gpx,2026-04-07T09:30:18Z,"c(34.503247, -18.904993)",25.83602148183686,57,1.6317487251686438,2.5973410364909633,09:30,3. Counting Survey
TRACKWAY3_counting-part-1.gpx,2026-04-07T09:31:07Z,"c(34.503251, -18.905071)",8.683419302358184,49,0.637965499765091,1.0323110379780942,09:31,3. Counting Survey
TRACKWAY3_counting-part-1.gpx,2026-04-07T09:31:50Z,"c(34.503294, -18.90515)",9.880670063062102,43,0.8272188890005481,1.8663000445951794,09:31,3. Counting Survey
TRACKWAY3_counting-part-1.gpx,2026-04-07T09:32:12Z,"c(34.503345, -18.905372)",25.26159621956605,22,4.1337157450199,2.224458514322543,09:32,3. Counting Survey
TRACKWAY3_counting-part-1.gpx,2026-04-07T09:33:00Z,"c(34.503413, -18.905567)",22.832545452629084,48,1.7124409089471813,2.408392644596568,09:33,3. Counting Survey
TRACKWAY3_counting-part-1.gpx,2026-04-07T09:33:16Z,"c(34.503397, -18.905514)",6.128983465878325,16,1.3790212798226231,1.5279293118657502,09:33,3. Counting Survey
TRACKWAY3_counting-part-1.gpx,2026-04-07T09:33:59Z,"c(34.503436, -18.90567)",17.8250019759945,43,1.4923257468274465,1.6537198312562056,09:33,3. Counting Survey
TRACKWAY3_counting-part-1.gpx,2026-04-07T09:34:16Z,"c(34.503495, -18.905739)",9.86855887250425,17,2.089812467118547,1.5426707779499238,09:34,3. Counting Survey
TRACKWAY3_counting-part-1.gpx,2026-04-07T09:34:37Z,"c(34.50351, -18.905792)",6.10093236610537,21,1.0458741199037778,1.2251056700314513,09:34,3. Counting Survey
TRACKWAY3_counting-part-1.gpx,2026-04-07T09:35:20Z,"c(34.503541, -18.905842)",6.4455856089158985,43,0.5396304230720287,0.7227422507500961,09:35,3. Counting Survey
TRACKWAY3_counting-part-1.gpx,2026-04-07T09:36:26Z,"c(34.503562, -18.905936)",10.683240503365504,66,0.582722209274482,0.5283878216576581,09:36,3. Counting Survey
TRACKWAY3_counting-part-1.gpx,2026-04-07T09:37:52Z,"c(34.503631, -18.906011)",11.056036557187742,86,0.46281083262646366,0.8879178557696473,09:37,3. Counting Survey
TRACKWAY3_counting-part-1.gpx,2026-04-07T09:38:27Z,"c(34.503598, -18.906149)",15.732699552577744,35,1.6182205254079964,1.017001318535737,09:38,3. Counting Survey
TRACKWAY3_counting-part-1.gpx,2026-04-07T09:38:46Z,"c(34.503596, -18.906195)",5.11929982052285,19,0.9699725975727507,1.3701988200387585,09:38,3. Counting Survey
TRACKWAY3_counting-part-1.gpx,2026-04-07T09:39:08Z,"c(34.503628, -18.906273)",9.303575949161562,22,1.5224033371355286,1.4263821995845718,09:39,3. Counting Survey
TRACKWAY3_counting-part-1.gpx,2026-04-07T09:39:33Z,"c(34.503708, -18.906355)",12.408129611426638,25,1.786770664045436,1.3951735523964477,09:39,3. Counting Survey
TRACKWAY3_counting-part-1.gpx,2026-04-07T09:40:00Z,"c(34.503754, -18.906315)",6.572599920062838,27,0.8763466560083784,1.5522231807711868,09:40,3. Counting Survey
TRACKWAY3_counting-part-1.gpx,2026-04-07T09:40:43Z,"c(34.503611, -18.906149)",23.8118737658803,43,1.9935522222597462,1.520694748477661,09:40,3. Counting Survey
TRACKWAY3_counting-part-1.gpx,2026-04-07T09:40:59Z,"c(34.503644, -18.906209)",7.520823854066036,16,1.6921853671648581,2.3766079448326662,09:40,3. Counting Survey
TRACKWAY3_counting-part-1.gpx,2026-04-07T09:41:07Z,"c(34.503694, -18.906259)",7.653524989051986,8,3.444086245073394,3.3836102889360364,09:41,3. Counting Survey
TRACKWAY3_counting-part-1.gpx,2026-04-07T09:41:12Z,"c(34.503713, -18.906319)",6.964665631347024,5,5.014559254569857,3.903410671871897,09:41,3. Counting Survey
TRACKWAY3_counting-part-1.gpx,2026-04-07T09:41:28Z,"c(34.503777, -18.906434)",14.451495626544176,16,3.2515865159724395,3.509355497603802,09:41,3. Counting Survey
TRACKWAY3_counting-part-1.gpx,2026-04-07T09:41:50Z,"c(34.503815, -18.906553)",13.822848858311225,22,2.2619207222691093,2.105753080826749,09:41,3. Counting Survey
TRACKWAY3_counting-part-1.gpx,2026-04-07T09:42:52Z,"c(34.503884, -18.906659)",13.842395628555346,62,0.8037520042386975,1.239245147848997,09:42,3. Counting Survey
TRACKWAY3_counting-part-1.gpx,2026-04-07T09:43:42Z,"c(34.503893, -18.90674)",9.056426625544225,50,0.6520627170391842,1.0875698692616695,09:43,3. Counting Survey
TRACKWAY3_counting-part-1.gpx,2026-04-07T09:44:00Z,"c(34.503878, -18.90682)",9.034474432535637,18,1.8068948865071273,1.1616002259999114,09:44,3. Counting Survey
TRACKWAY3_counting-part-1.gpx,2026-04-07T09:44:32Z,"c(34.503879, -18.906902)",9.118605106252646,32,1.0258430744534228,1.161375502959179,09:44,3. Counting Survey
TRACKWAY3_counting-part-1.gpx,2026-04-07T09:45:22Z,"c(34.503921, -18.906973)",9.047063165513705,50,0.6513885479169867,0.8620018772237883,09:45,3. Counting Survey
TRACKWAY3_counting-part-1.gpx,2026-04-07T09:47:22Z,"c(34.504121, -18.907169)",30.292466976698513,120,0.9087740093009553,0.6611822022353464,09:47,3. Counting Survey
TRACKWAY3_counting-part-1.gpx,2026-04-07T09:48:05Z,"c(34.504166, -18.907185)",5.0570872577744925,43,0.42338404948809705,1.446568223891698,09:48,3. Counting Survey
TRACKWAY3_counting-part-1.gpx,2026-04-07T09:48:38Z,"c(34.504109, -18.907427)",27.569177284788715,33,3.0075466128860415,2.2011877242399445,09:48,3. Counting Survey
TRACKWAY3_counting-part-1.gpx,2026-04-07T09:48:43Z,"c(34.504124, -18.907464)",4.406434042146797,5,3.1726325103456943,2.921384090842145,09:48,3. Counting Survey
TRACKWAY3_counting-part-1.gpx,2026-04-07T09:48:53Z,"c(34.504182, -18.907498)",7.177703192485275,10,2.583973149294699,6.539233538373301,09:48,3. Counting Survey
TRACKWAY3_counting-part-1.gpx,2026-04-07T09:48:54Z,"c(34.504202, -18.907527)",3.850304154299864,1,13.86109495547951,13.758456357180455,09:48,3. Counting Survey
TRACKWAY3_counting-part-1.gpx,2026-04-07T09:48:55Z,"c(34.5042, -18.907589)",6.897305824101987,1,24.830300966767155,23.009434163509823,09:48,3. Counting Survey
TRACKWAY3_counting-part-1.gpx,2026-04-07T09:48:57Z,"c(34.504223, -18.907739)",16.853836982379338,2,30.33690656828281,33.27123279468492,09:48,3. Counting Survey
TRACKWAY3_counting-part-1.gpx,2026-04-07T09:48:59Z,"c(34.504191, -18.907518)",24.803606027224887,2,44.6464908490048,25.143346439253836,09:48,3. Counting Survey
TRACKWAY3_counting-part-1.gpx,2026-04-07T09:49:30Z,"c(34.504226, -18.907528)",3.846083031858557,31,0.44664190047389696,15.215335104126305,09:49,3. Counting Survey
TRACKWAY3_counting-part-1.gpx,2026-04-07T09:49:56Z,"c(34.504256, -18.907506)",3.9929685098349164,26,0.5528725629002192,0.7129525883732051,09:49,3. Counting Survey
TRACKWAY3_counting-part-1.gpx,2026-04-07T09:50:10Z,"c(34.504298, -18.907509)",4.430779506788052,14,1.139343301745499,0.8577718790531674,09:50,3. Counting Survey
TRACKWAY3_counting-part-1.gpx,2026-04-07T09:50:55Z,"c(34.504377, -18.907574)",11.0137471564223,45,0.8810997725137839,1.5763887202249947,09:50,3. Counting Survey
TRACKWAY3_counting-part-1.gpx,2026-04-07T09:51:01Z,"c(34.504402, -18.907607)",4.514538477359502,6,2.7087230864157013,2.3739223859979726,09:51,3. Counting Survey
TRACKWAY3_counting-part-1.gpx,2026-04-07T09:51:12Z,"c(34.504423, -18.907702)",10.792052024919098,11,3.531944299064432,2.849279877736097,09:51,3. Counting Survey
TRACKWAY3_counting-part-1.gpx,2026-04-07T09:51:57Z,"c(34.504539, -18.907937)",28.83965309660197,45,2.3071722477281575,2.3407219709538656,09:51,3. Counting Survey
TRACKWAY3_counting-part-1.gpx,2026-04-07T09:53:33Z,"c(34.504833, -18.907993)",31.54798309517353,96,1.1830493660690076,1.8722555560824574,09:53,3. Counting Survey
TRACKWAY3_counting-part-1.gpx,2026-04-07T09:53:45Z,"c(34.50489, -18.908027)",7.088483514834023,12,2.126545054450207,1.5203495294303822,09:53,3. Counting Survey
TRACKWAY3_counting-part-1.gpx,2026-04-07T09:54:44Z,"c(34.505074, -18.908088)",20.5099433051511,59,1.2514541677719317,2.084595177089968,09:54,3. Counting Survey
TRACKWAY3_counting-part-1.gpx,2026-04-07T09:54:58Z,"c(34.505146, -18.908162)",11.183613424074645,14,2.8757863090477658,2.499429906932315,09:54,3. Counting Survey
TRACKWAY3_counting-part-1.gpx,2026-04-07T09:55:10Z,"c(34.50524, -18.90821)",11.236830813257493,12,3.371049243977248,2.2830366284643495,09:55,3. Counting Survey
TRACKWAY3_counting-part-1.gpx,2026-04-07T09:56:29Z,"c(34.505361, -18.908242)",13.21657562696521,79,0.6022743323680348,1.561820840781216,09:56,3. Counting Survey
TRACKWAY3_counting-part-1.gpx,2026-04-07T09:56:54Z,"c(34.505314, -18.908243)",4.9454093472108696,25,0.7121389459983652,0.663799177111701,09:56,3. Counting Survey
TRACKWAY3_counting-part-1.gpx,2026-04-07T09:57:12Z,"c(34.505286, -18.908258)",3.384921264843515,18,0.676984252968703,1.2216843147304148,09:57,3. Counting Survey
TRACKWAY3_counting-part-1.gpx,2026-04-07T09:57:56Z,"c(34.505219, -18.908016)",27.81691910829549,44,2.2759297452241762,2.2941424651996543,09:57,3. Counting Survey
TRACKWAY3_counting-part-1.gpx,2026-04-07T09:58:03Z,"c(34.50519, -18.907953)",7.640720494956272,7,3.929513397406083,3.278435205251054,09:58,3. Counting Survey
TRACKWAY3_counting-part-1.gpx,2026-04-07T09:58:19Z,"c(34.505107, -18.907831)",16.132722102768454,16,3.6298624731229023,4.18058465635838,09:58,3. Counting Survey
TRACKWAY3_counting-part-1.gpx,2026-04-07T09:58:22Z,"c(34.50507, -18.907818)",4.151981748788461,3,4.982378098546153,5.178392883617882,09:58,3. Counting Survey
TRACKWAY3_counting-part-1.gpx,2026-04-07T09:58:24Z,"c(34.505035, -18.907828)",3.8460767106581053,2,6.92293807918459,5.691813642426377,09:58,3. Counting Survey
TRACKWAY3_counting-part-1.gpx,2026-04-07T09:58:29Z,"c(34.504996, -18.907881)",7.180728818817205,5,5.170124749548388,5.982202131132484,09:58,3. Counting Survey
TRACKWAY3_counting-part-1.gpx,2026-04-07T09:58:43Z,"c(34.504899, -18.908064)",22.763780529250724,14,5.853543564664472,6.702590900679414,09:58,3. Counting Survey
TRACKWAY3_counting-part-1.gpx,2026-04-07T09:58:45Z,"c(34.504863, -18.908094)",5.04672465990299,2,9.084104387825382,8.31710878575268,09:58,3. Counting Survey
TRACKWAY3_counting-part-1.gpx,2026-04-07T09:58:51Z,"c(34.504719, -18.908157)",16.689464007946977,6,10.013678404768186,9.602131126662528,09:58,3. Counting Survey
TRACKWAY3_counting-part-1.gpx,2026-04-07T09:58:53Z,"c(34.504668, -18.908162)",5.393672548552231,2,9.708610587394016,10.053039554279414,09:58,3. Counting Survey
TRACKWAY3_counting-part-1.gpx,2026-04-07T09:58:56Z,"c(34.504586, -18.908152)",8.697358058896699,3,10.436829670676039,10.226767378356781,09:58,3. Counting Survey
TRACKWAY3_counting-part-1.gpx,2026-04-07T09:59:10Z,"c(34.504216, -18.908037)",40.968907299445576,14,10.53486187700029,9.971528712892713,09:59,3. Counting Survey
TRACKWAY3_counting-part-1.gpx,2026-04-07T09:59:12Z,"c(34.504181, -18.908007)",4.968274772778784,2,8.942894591001812,9.384596400161394,09:59,3. Counting Survey
TRACKWAY3_counting-part-1.gpx,2026-04-07T09:59:14Z,"c(34.504161, -18.907968)",4.820018184712267,2,8.676032732482081,9.206112367955706,09:59,3. Counting Survey
TRACKWAY3_counting-part-1.gpx,2026-04-07T09:59:20Z,"c(34.504136, -18.90782)",16.665682967305376,6,9.999409780383226,9.500032339107676,09:59,3. Counting Survey
TRACKWAY3_counting-part-1.gpx,2026-04-07T09:59:22Z,"c(34.504113, -18.907776)",5.458141391365401,2,9.824654504457722,9.543305964440167,09:59,3. Counting Survey
TRACKWAY3_counting-part-1.gpx,2026-04-07T09:59:24Z,"c(34.50408, -18.907745)",4.892140893599752,2,8.805853608479554,8.159669236649334,09:59,3. Counting Survey
TRACKWAY3_counting-part-1.gpx,2026-04-07T09:59:33Z,"c(34.503958, -18.907682)",14.621248992526816,9,5.8484995970107265,6.781400972815942,09:59,3. Counting Survey
TRACKWAY3_counting-part-1.gpx,2026-04-07T09:59:39Z,"c(34.503895, -18.907621)",9.483082854929243,6,5.689849712957546,5.824917604820524,09:59,3. Counting Survey
TRACKWAY3_counting-part-1.gpx,2026-04-07T09:59:50Z,"c(34.503816, -18.907476)",18.139010708173963,11,5.936403504493297,5.300020434267023,09:59,3. Counting Survey
TRACKWAY3_counting-part-1.gpx,2026-04-07T10:00:14Z,"c(34.503724, -18.907235)",28.492053902334845,24,4.273808085350227,8.418710138847203,10:00,3. Counting Survey
TRACKWAY3_counting-part-1.gpx,2026-04-07T10:00:18Z,"c(34.503682, -18.90709)",16.71768758522009,4,15.045918826698083,8.464220307627546,10:00,3. Counting Survey
TRACKWAY3_counting-part-1.gpx,2026-04-07T10:00:23Z,"c(34.50367, -18.907015)",8.43463057060323,5,6.072934010834326,8.994511176280373,10:00,3. Counting Survey
TRACKWAY3_counting-part-1.gpx,2026-04-07T10:00:28Z,"c(34.503644, -18.906946)",8.145389849039876,5,5.8646806913087115,5.70037104095958,10:00,3. Counting Survey
TRACKWAY3_counting-part-1.gpx,2026-04-07T10:00:31Z,"c(34.503621, -18.906914)",4.302915350613086,3,5.163498420735703,5.374152586651131,10:00,3. Counting Survey
TRACKWAY3_counting-part-1.gpx,2026-04-07T10:00:37Z,"c(34.50356, -18.906864)",8.49046441318163,6,5.094278647908978,4.674645430997877,10:00,3. Counting Survey
TRACKWAY3_counting-part-1.gpx,2026-04-07T10:00:50Z,"c(34.503444, -18.90681)",13.600019421260098,13,3.76615922434895,5.6723629178501636,10:00,3. Counting Survey
TRACKWAY3_counting-part-1.gpx,2026-04-07T10:01:01Z,"c(34.503251, -18.90668)",24.923099915060607,11,8.156650881292563,6.123200868695329,10:01,3. Counting Survey
TRACKWAY3_counting-part-1.gpx,2026-04-07T10:01:08Z,"c(34.503194, -18.906581)",12.535429861975365,7,6.446792500444473,6.398680421410794,10:01,3. Counting Survey
TRACKWAY3_counting-part-1.gpx,2026-04-07T10:01:26Z,"c(34.503111, -18.90639)",22.96298941247673,18,4.592597882495346,8.350936700383278,10:01,3. Counting Survey
TRACKWAY3_counting-part-1.gpx,2026-04-07T10:01:34Z,"c(34.503055, -18.906115)",31.140932707133366,8,14.013419718210015,8.291067042373951,10:01,3. Counting Survey
TRACKWAY3_counting-part-1.gpx,2026-04-07T10:01:39Z,"c(34.503048, -18.906037)",8.70442156446735,5,6.267183526416492,8.338849855861682,10:01,3. Counting Survey
TRACKWAY3_counting-part-1.gpx,2026-04-07T10:01:58Z,"c(34.502986, -18.90582)",24.995272260058943,19,4.735946322958537,5.485868560345854,10:01,3. Counting Survey
TRACKWAY3_counting-part-1.gpx,2026-04-07T10:02:02Z,"c(34.502952, -18.905776)",6.06052870184726,4,5.454475831662534,5.466657935512965,10:02,3. Counting Survey
TRACKWAY3_counting-part-1.gpx,2026-04-07T10:02:07Z,"c(34.502919, -18.905705)",8.624377294330314,5,6.209551651917827,6.2891655908041075,10:02,3. Counting Survey
TRACKWAY3_counting-part-1.gpx,2026-04-07T10:02:19Z,"c(34.502854, -18.905498)",24.011564296106542,12,7.203469288831963,6.951711844455322,10:02,3. Counting Survey
TRACKWAY3_counting-part-1.gpx,2026-04-07T10:02:37Z,"c(34.502889, -18.905165)",37.210572963080885,18,7.442114592616177,6.462395100293251,10:02,3. Counting Survey
TRACKWAY3_counting-part-1.gpx,2026-04-07T10:02:43Z,"c(34.502907, -18.905096)",7.9026690323860205,6,4.741601419431612,6.337204629286635,10:02,3. Counting Survey
TRACKWAY3_counting-part-1.gpx,2026-04-07T10:03:01Z,"c(34.502903, -18.904789)",34.139489379060585,18,6.827897875812117,10.833599143940889,10:03,3. Counting Survey
TRACKWAY3_counting-part-1.gpx,2026-04-07T10:03:07Z,"c(34.502852, -18.904479)",34.88549689429823,6,20.931298136578935,17.849731129380743,10:03,3. Counting Survey
TRACKWAY3_counting-part-1.gpx,2026-04-07T10:03:11Z,"c(34.502795, -18.904227)",28.655552639723524,4,25.789997375751174,25.622733179336176,10:03,3. Counting Survey
TRACKWAY3_counting-part-1.gpx,2026-04-07T10:03:15Z,"c(34.502695, -18.903941)",33.49656002853158,4,30.146904025678424,30.279407527269388,10:03,3. Counting Survey
TRACKWAY3_counting-part-1.gpx,2026-04-07T10:03:18Z,"c(34.502629, -18.903687)",29.084434316982136,3,34.90132118037857,34.160388932020766,10:03,3. Counting Survey
TRACKWAY3_counting-part-1.gpx,2026-04-07T10:03:20Z,"c(34.5026, -18.903502)",20.796078661114063,2,37.43294159000531,37.25777757474277,10:03,3. Counting Survey
TRACKWAY3_counting-part-1.gpx,2026-04-07T10:03:24Z,"c(34.502569, -18.903109)",43.821188837604915,4,39.439069953844424,39.441501300035654,10:03,3. Counting Survey
TRACKWAY3_counting-part-1.gpx,2026-04-07T10:03:26Z,"c(34.502562, -18.902902)",23.029162420142896,2,41.45249235625722,41.20203600789547,10:03,3. Counting Survey
TRACKWAY3_counting-part-1.gpx,2026-04-07T10:03:28Z,"c(34.502576, -18.902689)",23.730303174213766,2,42.71454571358478,41.96952313344634,10:03,3. Counting Survey
TRACKWAY3_counting-part-1.gpx,2026-04-07T10:03:32Z,"c(34.502657, -18.902279)",46.37947925610779,4,41.74153133049701,37.72126855786378,10:03,3. Counting Survey
TRACKWAY3_counting-part-1.gpx,2026-04-07T10:03:39Z,"c(34.502777, -18.90179)",55.820583446268564,7,28.70772862950955,27.753962787993714,10:03,3. Counting Survey
TRACKWAY3_counting-part-1.gpx,2026-04-07T10:03:45Z,"c(34.502813, -18.901601)",21.354380673290972,6,12.812628403974584,15.72162925240897,10:03,3. Counting Survey
TRACKWAY3_counting-part-1.gpx,2026-04-07T10:04:03Z,"c(34.502845, -18.901349)",28.222653618713885,18,5.644530723742777,7.745100258808354,10:04,3. Counting Survey
TRACKWAY3_counting-part-1.gpx,2026-04-07T10:04:06Z,"c(34.502837, -18.901314)",3.9817847072564176,3,4.7781416487077015,4.601537858790416,10:04,3. Counting Survey
TRACKWAY3_counting-part-1.gpx,2026-04-07T10:04:10Z,"c(34.502817, -18.901286)",3.7577124488008553,4,3.38194120392077,3.959382635398694,10:04,3. Counting Survey
TRACKWAY3_counting-part-1.gpx,2026-04-07T10:04:28Z,"c(34.502663, -18.901204)",18.59032526783805,18,3.7180650535676105,3.7565108514608045,10:04,3. Counting Survey
TRACKWAY3_counting-part-1.gpx,2026-04-07T10:04:37Z,"c(34.502586, -18.901145)",10.423815742235082,9,4.169526296894033,3.565973372390882,10:04,3. Counting Survey
TRACKWAY3_counting-part-1.gpx,2026-04-07T10:04:49Z,"c(34.502506, -18.901108)",9.367762555703344,12,2.8103287667110033,2.7014015035253287,10:04,3. Counting Survey
TRACKWAY3_counting-part-1.gpx,2026-04-07T10:05:30Z,"c(34.502407, -18.901041)",12.80509092383582,41,1.12434944697095,2.5115111805896895,10:05,3. Counting Survey
TRACKWAY3_counting-part-1.gpx,2026-04-07T10:05:44Z,"c(34.502332, -18.900937)",13.999437387005448,14,3.5998553280871155,2.088277440625764,10:05,3. Counting Survey
TRACKWAY3_counting-part-1.gpx,2026-04-07T10:06:03Z,"c(34.502268, -18.900896)",8.131089830434806,19,1.5406275468192265,2.389855043595401,10:06,3. Counting Survey
TRACKWAY3_counting-part-1.gpx,2026-04-07T10:06:16Z,"c(34.502332, -18.90087)",7.327241479566163,13,2.0290822558798607,1.6062362640990175,10:06,3. Counting Survey
TRACKWAY3_counting-part-1.gpx,2026-04-07T10:06:47Z,"c(34.502231, -18.900855)",10.755269077093589,31,1.2489989895979652,1.7862694578555889,10:06,3. Counting Survey
TRACKWAY3_counting-part-1.gpx,2026-04-07T10:07:09Z,"c(34.502119, -18.900898)",12.715554671654639,22,2.080727128088941,2.252455163614401,10:07,3. Counting Survey
TRACKWAY3_counting-part-1.gpx,2026-04-07T10:07:19Z,"c(34.502042, -18.900943)",9.521220480989715,10,3.4276393731562975,2.3169904023182166,10:07,3. Counting Survey
TRACKWAY3_counting-part-1.gpx,2026-04-07T10:07:29Z,"c(34.502075, -18.900925)",4.0072352936372555,10,1.442604705709412,2.6143031769103904,10:07,3. Counting Survey
TRACKWAY3_counting-part-1.gpx,2026-04-07T10:07:41Z,"c(34.501984, -18.900902)",9.908884839551538,12,2.9726654518654616,2.2081937814422634,10:07,3. Counting Survey
TRACKWAY3_counting-part-1.gpx,2026-04-07T10:08:09Z,"c(34.501821, -18.900912)",17.18353145251491,28,2.2093111867519166,1.8437413960947702,10:08,3. Counting Survey
TRACKWAY3_counting-part-1.gpx,2026-04-07T10:08:59Z,"c(34.501867, -18.900909)",4.850660412040722,50,0.349247549666932,1.1716662158143425,10:08,3. Counting Survey
TRACKWAY3_counting-part-1.gpx,2026-04-07T10:09:28Z,"c(34.501796, -18.900892)",7.704654838805883,29,0.9564399110241786,3.278134769776835,10:09,3. Counting Survey
TRACKWAY3_counting-part-1.gpx,2026-04-07T10:09:30Z,"c(34.501763, -18.900863)",4.7381760270218845,2,8.528716848639393,6.262346033148808,10:09,3. Counting Survey
TRACKWAY3_counting-part-1.gpx,2026-04-07T10:09:32Z,"c(34.501756, -18.900817)",5.167711855434918,2,9.301881339782852,8.38391052989586,10:09,3. Counting Survey
TRACKWAY3_counting-part-1.gpx,2026-04-07T10:09:35Z,"c(34.501771, -18.900764)",6.100944501054447,3,7.321133401265336,8.668068289398937,10:09,3. Counting Survey
TRACKWAY3_counting-part-1.gpx,2026-04-07T10:09:38Z,"c(34.501813, -18.900706)",7.8176584392905175,3,9.38119012714862,8.446007276038177,10:09,3. Counting Survey
TRACKWAY3_counting-part-1.gpx,2026-04-07T10:09:46Z,"c(34.501968, -18.900615)",19.190440666001273,8,8.635698299700573,8.897912208030828,10:09,3. Counting Survey
TRACKWAY3_counting-part-1.gpx,2026-04-07T10:09:52Z,"c(34.502094, -18.900563)",14.461413662072152,6,8.676848197243292,8.460897701282533,10:09,3. Counting Survey
TRACKWAY3_counting-part-1.gpx,2026-04-07T10:09:56Z,"c(34.502179, -18.900557)",8.966829563226375,4,8.070146606903737,7.980865658691425,10:09,3. Counting Survey
TRACKWAY3_counting-part-1.gpx,2026-04-07T10:09:58Z,"c(34.502214, -18.900571)",3.997556762181802,2,7.195602171927244,7.199578246861821,10:09,3. Counting Survey
TRACKWAY3_counting-part-1.gpx,2026-04-07T10:10:02Z,"c(34.502255, -18.900621)",7.036651068616091,4,6.332985961754481,6.578721204647769,10:10,3. Counting Survey
TRACKWAY3_counting-part-1.gpx,2026-04-07T10:10:04Z,"c(34.502254, -18.900652)",3.448653044589767,2,6.207575480261581,6.482386565664567,10:10,3. Counting Survey
TRACKWAY3_counting-part-1.gpx,2026-04-07T10:10:11Z,"c(34.502215, -18.900767)",13.42949660690096,7,6.906598254977637,7.466848621892852,10:10,3. Counting Survey
TRACKWAY3_counting-part-1.gpx,2026-04-07T10:10:16Z,"c(34.502199, -18.900882)",12.897739070054634,5,9.286372130439338,7.8207145957569795,10:10,3. Counting Survey
TRACKWAY3_counting-part-1.gpx,2026-04-07T10:10:18Z,"c(34.502179, -18.900913)",4.038429667696647,2,7.269173401853965,7.994489975752548,10:10,3. Counting Survey
TRACKWAY3_counting-part-1.gpx,2026-04-07T10:10:22Z,"c(34.502122, -18.900964)",8.253249327738157,4,7.427924394964341,6.566789725234663,10:10,3. Counting Survey
TRACKWAY3_counting-part-1.gpx,2026-04-07T10:10:32Z,"c(34.502052, -18.90107)",13.897976052460232,10,5.0032713788856835,5.557462801499892,10:10,3. Counting Survey
TRACKWAY3_counting-part-1.gpx,2026-04-07T10:10:42Z,"c(34.502015, -18.90117)",11.78109064069348,10,4.241192630649652,4.283790908152368,10:10,3. Counting Survey
TRACKWAY3_counting-part-1.gpx,2026-04-07T10:11:12Z,"c(34.50183, -18.901376)",30.057572624348076,30,3.6069087149217696,3.0181322175694985,10:11,3. Counting Survey
TRACKWAY3_counting-part-1.gpx,2026-04-07T10:11:34Z,"c(34.501766, -18.901403)",7.3718046547265565,22,1.206295307137073,2.0463308393507016,10:11,3. Counting Survey
TRACKWAY3_counting-part-1.gpx,2026-04-07T10:11:56Z,"c(34.501823, -18.901354)",8.102040808847716,22,1.3257884959932627,1.7854840793199722,10:11,3. Counting Survey
TRACKWAY3_counting-part-1.gpx,2026-04-07T10:12:08Z,"c(34.501904, -18.901318)",9.414561449431936,12,2.824368434829581,1.7266172861444162,10:12,3. Counting Survey
TRACKWAY3_counting-part-1.gpx,2026-04-07T10:12:35Z,"c(34.501959, -18.901272)",7.722711957078038,27,1.029694927610405,1.5679507340782648,10:12,3. Counting Survey
TRACKWAY3_counting-part-1.gpx,2026-04-07T10:12:58Z,"c(34.501916, -18.901245)",5.429206476466833,23,0.8497888397948086,0.8934549704677884,10:12,3. Counting Survey
TRACKWAY3_counting-part-1.gpx,2026-04-07T10:13:16Z,"c(34.501917, -18.901209)",4.004405719990758,18,0.8008811439981516,0.8574007091092641,10:13,3. Counting Survey
TRACKWAY3_counting-part-1.gpx,2026-04-07T10:13:30Z,"c(34.50195, -18.901201)",3.58373611374657,14,0.9215321435348323,0.7816839717777837,10:13,3. Counting Survey
TRACKWAY3_counting-part-1.gpx,2026-04-07T10:14:24Z,"c(34.502018, -18.901255)",9.339579417005508,54,0.6226386278003672,0.6312176805054107,10:14,3. Counting Survey
TRACKWAY3_counting-part-1.gpx,2026-04-07T10:15:13Z,"c(34.502044, -18.90122)",4.75684201079739,49,0.3494822701810328,2.0907003252024374,10:15,3. Counting Survey
TRACKWAY3_counting-part-1.gpx,2026-04-07T10:15:18Z,"c(34.502113, -18.901231)",7.361083441147101,5,5.2999800776259125,4.366191050382639,10:15,3. Counting Survey
TRACKWAY3_counting-part-1.gpx,2026-04-07T10:15:20Z,"c(34.502129, -18.901265)",4.138394890744984,2,7.449110803340972,6.921363521359014,10:15,3. Counting Survey
TRACKWAY3_counting-part-1.gpx,2026-04-07T10:15:22Z,"c(34.502131, -18.901305)",4.452777601727865,2,8.014999683110158,7.609573245730897,10:15,3. Counting Survey
TRACKWAY3_counting-part-1.gpx,2026-04-07T10:15:24Z,"c(34.502119, -18.90134)",4.0914495837453115,2,7.364609250741561,7.394303660188016,10:15,3. Counting Survey
TRACKWAY3_counting-part-1.gpx,2026-04-07T10:15:28Z,"c(34.502074, -18.901393)",7.559224496347032,4,6.8033020467123295,6.434771142411844,10:15,3. Counting Survey
TRACKWAY3_counting-part-1.gpx,2026-04-07T10:15:40Z,"c(34.501939, -18.901479)",17.12134043260547,12,5.136402129781641,5.647546418782169,10:15,3. Counting Survey
TRACKWAY3_counting-part-1.gpx,2026-04-07T10:15:54Z,"c(34.50176, -18.901523)",19.455858643870975,14,5.002935079852537,3.805477614714502,10:15,3. Counting Survey
TRACKWAY3_counting-part-1.gpx,2026-04-07T10:16:36Z,"c(34.501635, -18.901586)",14.899449069275507,42,1.2770956345093292,2.46162152005299,10:16,3. Counting Survey
TRACKWAY3_counting-part-1.gpx,2026-04-07T10:17:01Z,"c(34.501707, -18.901575)",7.672457262479885,25,1.1048338457971034,1.1106670538350947,10:17,3. Counting Survey
TRACKWAY3_counting-part-1.gpx,2026-04-07T10:18:08Z,"c(34.50154, -18.901593)",17.681889622311957,67,0.9500716811988514,0.8202467041544406,10:18,3. Counting Survey
TRACKWAY3_counting-part-1.gpx,2026-04-07T10:18:40Z,"c(34.501567, -18.901573)",3.607418537487707,32,0.405834585467367,0.9586318224012454,10:18,3. Counting Survey
TRACKWAY3_counting-part-1.gpx,2026-04-07T10:19:07Z,"c(34.501642, -18.901647)",11.399919004031384,27,1.519989200537518,0.8491539062288107,10:19,3. Counting Survey
TRACKWAY3_counting-part-1.gpx,2026-04-07T10:19:31Z,"c(34.501616, -18.901619)",4.144252884543649,24,0.6216379326815473,1.1156985587728527,10:19,3. Counting Survey
TRACKWAY3_counting-part-1.gpx,2026-04-07T10:19:56Z,"c(34.501693, -18.9016)",8.371309327079812,25,1.205468543099493,1.2829749075749401,10:19,3. Counting Survey
TRACKWAY3_counting-part-1.gpx,2026-04-07T10:20:13Z,"c(34.501605, -18.901621)",9.547475055012296,17,2.02181824694378,1.4761867972243474,10:20,3. Counting Survey
TRACKWAY3_counting-part-1.gpx,2026-04-07T10:21:01Z,"c(34.501477, -18.901699)",16.01698135506359,48,1.2012736016297691,1.3170159982062115,10:21,3. Counting Survey
TRACKWAY3_counting-part-1.gpx,2026-04-07T10:21:40Z,"c(34.501523, -18.901643)",7.886191582155085,39,0.7279561460450849,0.9431940810317114,10:21,3. Counting Survey
TRACKWAY3_counting-part-1.gpx,2026-04-07T10:21:51Z,"c(34.501504, -18.901626)",2.7510770693397455,11,0.9003524954202803,1.7980552855908063,10:21,3. Counting Survey
TRACKWAY3_counting-part-1.gpx,2026-04-07T10:21:56Z,"c(34.501472, -18.901662)",5.230357243482019,5,3.7658572153070535,3.379488325385948,10:21,3. Counting Survey
TRACKWAY3_counting-part-1.gpx,2026-04-07T10:21:59Z,"c(34.501471, -18.901703)",4.560212721192091,3,5.472255265430509,4.0684169604987375,10:21,3. Counting Survey
TRACKWAY3_counting-part-1.gpx,2026-04-07T10:22:11Z,"c(34.501447, -18.901789)",9.890461335862168,12,2.9671384007586505,3.7373624865748734,10:22,3. Counting Survey
TRACKWAY3_counting-part-1.gpx,2026-04-07T10:22:27Z,"c(34.501551, -18.901738)",12.323083526824268,16,2.7726937935354603,2.4363075347812284,10:22,3. Counting Survey
TRACKWAY3_counting-part-1.gpx,2026-04-07T10:22:39Z,"c(34.501506, -18.901758)",5.230301366831917,12,1.569090410049575,2.495255065876064,10:22,3. Counting Survey
TRACKWAY3_counting-part-1.gpx,2026-04-07T10:22:47Z,"c(34.50144, -18.901751)",6.986624431207012,8,3.143980994043156,2.4527210682229903,10:22,3. Counting Survey
TRACKWAY3_counting-part-1.gpx,2026-04-07T10:22:52Z,"c(34.501416, -18.901727)",3.673738611911444,5,2.64509180057624,2.3585310408989524,10:22,3. Counting Survey
TRACKWAY3_counting-part-1.gpx,2026-04-07T10:23:16Z,"c(34.501393, -18.901653)",8.576802187183079,24,1.2865203280774618,1.3437320195953024,10:23,3. Counting Survey
TRACKWAY3_counting-part-1.gpx,2026-04-07T10:24:31Z,"c(34.501412, -18.901648)",2.074665211087624,75,0.09958393013220594,0.8203064544659814,10:24,3. Counting Survey
TRACKWAY3_counting-part-1.gpx,2026-04-07T10:25:05Z,"c(34.501507, -18.901664)",10.151031549000388,34,1.0748151051882764,1.127572836969392,10:25,3. Counting Survey
TRACKWAY3_counting-part-1.gpx,2026-04-07T10:25:17Z,"c(34.501576, -18.901653)",7.3610649186256465,12,2.208319475587694,1.6733040852593415,10:25,3. Counting Survey
TRACKWAY3_counting-part-1.gpx,2026-04-07T10:25:24Z,"c(34.501581, -18.901683)",3.3770677013928836,7,1.7367776750020543,2.5625222894600577,10:25,3. Counting Survey
TRACKWAY3_counting-part-1.gpx,2026-04-07T10:25:31Z,"c(34.501539, -18.901735)",7.277024451259157,7,3.7424697177904243,2.811743319835731,10:25,3. Counting Survey
TRACKWAY3_counting-part-1.gpx,2026-04-07T10:25:46Z,"c(34.501434, -18.901784)",12.31659402797798,15,2.9559825667147153,2.4321063032655226,10:25,3. Counting Survey
TRACKWAY3_counting-part-1.gpx,2026-04-07T10:26:07Z,"c(34.501401, -18.901781)",3.4875553141999953,21,0.5978666252914279,1.6523362630306193,10:26,3. Counting Survey
TRACKWAY3_counting-part-1.gpx,2026-04-07T10:26:20Z,"c(34.501363, -18.901753)",5.066965211698415,13,1.4031595970857151,1.403737156726614,10:26,3. Counting Survey
TRACKWAY3_counting-part-1.gpx,2026-04-07T10:26:26Z,"c(34.501328, -18.901754)",3.683642079671164,6,2.2101852478026984,1.8687690101256274,10:26,3. Counting Survey
TRACKWAY3_counting-part-1.gpx,2026-04-07T10:26:36Z,"c(34.501294, -18.901792)",5.5360060708013,10,1.9929621854884683,2.2927970677397225,10:26,3. Counting Survey
TRACKWAY3_counting-part-1.gpx,2026-04-07T10:26:43Z,"c(34.501303, -18.901838)",5.201862885971112,7,2.6752437699280005,1.8980776675938307,10:26,3. Counting Survey
TRACKWAY3_counting-part-1.gpx,2026-04-07T10:27:16Z,"c(34.50134, -18.901915)",9.405247934179377,33,1.026027047365023,1.6731930323955047,10:27,3. Counting Survey
TRACKWAY3_counting-part-1.gpx,2026-04-07T10:27:32Z,"c(34.501331, -18.901967)",5.859147910637734,16,1.3183082798934902,1.012798961441899,10:27,3. Counting Survey
TRACKWAY3_counting-part-1.gpx,2026-04-07T10:28:17Z,"c(34.501333, -18.901889)",8.675769463339796,45,0.6940615570671836,1.1946245802256006,10:28,3. Counting Survey
TRACKWAY3_counting-part-1.gpx,2026-04-07T10:28:34Z,"c(34.501353, -18.901825)",7.4209906564372705,17,1.5715039037161278,0.8816709574438365,10:28,3. Counting Survey
TRACKWAY3_counting-part-1.gpx,2026-04-07T10:29:08Z,"c(34.501387, -18.901823)",3.583669997955204,34,0.37944741154819805,1.621043356270539,10:29,3. Counting Survey
TRACKWAY3_counting-part-1.gpx,2026-04-07T10:29:21Z,"c(34.501376, -18.901917)",10.516201054476332,13,2.9121787535472916,2.1713971031329176,10:29,3. Counting Survey
TRACKWAY3_counting-part-1.gpx,2026-04-07T10:29:33Z,"c(34.501288, -18.901966)",10.74188381434421,12,3.2225651443032626,2.476992686988117,10:29,3. Counting Survey
TRACKWAY3_counting-part-1.gpx,2026-04-07T10:29:46Z,"c(34.501291, -18.902008)",4.680845589022044,13,1.2962341631137968,2.149565933921184,10:29,3. Counting Survey
TRACKWAY3_counting-part-1.gpx,2026-04-07T10:30:04Z,"c(34.501202, -18.901987)",9.64949247173246,18,1.9298984943464919,2.721018583689664,10:30,3. Counting Survey
TRACKWAY3_counting-part-1.gpx,2026-04-07T10:30:10Z,"c(34.501127, -18.902008)",8.228205156014507,6,4.936923093608704,4.731581492662257,10:30,3. Counting Survey
TRACKWAY3_counting-part-1.gpx,2026-04-07T10:30:21Z,"c(34.500973, -18.902147)",22.3908754973187,11,7.327922890031575,6.756554172273486,10:30,3. Counting Survey
TRACKWAY3_counting-part-1.gpx,2026-04-07T10:30:29Z,"c(34.500822, -18.902219)",17.78848118484484,8,8.004816533180179,6.820576056137527,10:30,3. Counting Survey
TRACKWAY3_counting-part-1.gpx,2026-04-07T10:30:35Z,"c(34.500743, -18.902237)",8.548314575334711,6,5.128988745200827,5.811399576128474,10:30,3. Counting Survey
TRACKWAY3_counting-part-1.gpx,2026-04-07T10:30:38Z,"c(34.500709, -18.902235)",3.5836612083370114,3,4.300393450004414,4.2034905398699145,10:30,3. Counting Survey
TRACKWAY3_counting-part-1.gpx,2026-04-07T10:30:48Z,"c(34.50063, -18.902208)",8.83635951223473,10,3.1810894244045027,3.061754203755116,10:30,3. Counting Survey
TRACKWAY3_counting-part-1.gpx,2026-04-07T10:30:53Z,"c(34.500618, -18.90219)",2.366360745633932,5,1.7037797368564311,1.8635061608385646,10:30,3. Counting Survey
TRACKWAY3_counting-part-1.gpx,2026-04-07T10:31:07Z,"c(34.500644, -18.902192)",2.744191804879621,14,0.7056493212547597,1.4634315004217797,10:31,3. Counting Survey
TRACKWAY3_counting-part-1.gpx,2026-04-07T10:31:14Z,"c(34.500651, -18.902226)",3.8516828061330655,7,1.9808654431541481,3.6954630349918074,10:31,3. Counting Survey
TRACKWAY3_counting-part-1.gpx,2026-04-07T10:31:17Z,"c(34.500595, -18.90226)",6.999895283805428,3,8.399874340566514,10.287436767125284,10:31,3. Counting Survey
TRACKWAY3_counting-part-1.gpx,2026-04-07T10:31:19Z,"c(34.500495, -18.902299)",11.378650287586217,2,20.48157051765519,13.276074644917086,10:31,3. Counting Survey
TRACKWAY3_counting-part-1.gpx,2026-04-07T10:31:26Z,"c(34.500695, -18.90227)",21.28540375991858,7,10.946779076529555,10.934104096816537,10:31,3. Counting Survey
TRACKWAY3_counting-part-1.gpx,2026-04-07T10:31:38Z,"c(34.500681, -18.902231)",4.57987565421622,12,1.3739626962648661,4.41546962075049,10:31,3. Counting Survey
TRACKWAY3_counting-part-1.gpx,2026-04-07T10:31:49Z,"c(34.500701, -18.902214)",2.828427217785425,11,0.9256670894570481,0.9603547162229288,10:31,3. Counting Survey
TRACKWAY3_counting-part-1.gpx,2026-04-07T10:32:10Z,"c(34.500716, -18.902241)",3.3917004505234214,21,0.5814343629468722,0.8403977642223476,10:32,3. Counting Survey
TRACKWAY3_counting-part-1.gpx,2026-04-07T10:32:34Z,"c(34.500654, -18.902257)",6.760612268420817,24,1.0140918402631225,0.773537111773543,10:32,3. Counting Survey
TRACKWAY3_counting-part-1.gpx,2026-04-07T10:32:47Z,"c(34.500677, -18.902266)",2.618362977066179,13,0.7250851321106342,1.3338611453246185,10:32,3. Counting Survey
TRACKWAY3_counting-part-1.gpx,2026-04-07T10:32:55Z,"c(34.500666, -18.90231)",5.02756991911133,8,2.2624064636000987,1.8418726321716945,10:32,3. Counting Survey
TRACKWAY3_counting-part-1.gpx,2026-04-07T10:33:00Z,"c(34.500692, -18.90229)",3.525175417783821,5,2.538126300804351,1.9688581908494174,10:33,3. Counting Survey
TRACKWAY3_counting-part-1.gpx,2026-04-07T10:33:18Z,"c(34.500701, -18.902339)",5.530209040719012,18,1.1060418081438024,1.4554486827570396,10:33,3. Counting Survey
TRACKWAY3_counting-part-1.gpx,2026-04-07T10:33:26Z,"c(34.500712, -18.902329)",1.6048398651621465,8,0.7221779393229659,1.4354392051479317,10:33,3. Counting Survey
TRACKWAY3_counting-part-1.gpx,2026-04-07T10:33:42Z,"c(34.500679, -18.902235)",11.013768302120118,16,2.4780978679770267,1.9016308184613469,10:33,3. Counting Survey
TRACKWAY3_counting-part-1.gpx,2026-04-07T10:34:00Z,"c(34.500798, -18.902238)",12.523083240420242,18,2.504616648084048,2.9496563074315483,10:34,3. Counting Survey
TRACKWAY3_counting-part-1.gpx,2026-04-07T10:34:05Z,"c(34.500758, -18.902208)",5.369797786435512,5,3.8662544062335695,4.278989874688237,10:34,3. Counting Survey
TRACKWAY3_counting-part-1.gpx,2026-04-07T10:34:07Z,"c(34.500724, -18.902205)",3.5922769831928285,2,6.466098569747092,8.12255625066275,10:34,3. Counting Survey
TRACKWAY3_counting-part-1.gpx,2026-04-07T10:34:08Z,"c(34.500687, -18.902203)",3.8986988266687757,1,14.035315776007593,9.458720991810456,10:34,3. Counting Survey
TRACKWAY3_counting-part-1.gpx,2026-04-07T10:34:11Z,"c(34.500631, -18.902229)",6.562290524730569,3,7.8747486296766835,10.680797041098574,10:34,3. Counting Survey
TRACKWAY3_counting-part-1.gpx,2026-04-07T10:34:16Z,"c(34.50058, -18.902346)",14.072675996682559,5,10.132326717611443,9.163723075913321,10:34,3. Counting Survey
TRACKWAY3_counting-part-1.gpx,2026-04-07T10:34:20Z,"c(34.500528, -18.902427)",10.537882089390926,4,9.484093880451834,8.76290227076334,10:34,3. Counting Survey
TRACKWAY3_counting-part-1.gpx,2026-04-07T10:34:32Z,"c(34.500372, -18.902562)",22.24095404742247,12,6.672286214226741,6.861558970510939,10:34,3. Counting Survey
TRACKWAY3_counting-part-1.gpx,2026-04-07T10:34:35Z,"c(34.500357, -18.902592)",3.690247347378534,3,4.428296816854242,4.752306284659429,10:34,3. Counting Survey
TRACKWAY3_counting-part-1.gpx,2026-04-07T10:34:43Z,"c(34.500303, -18.902629)",7.014079606438458,8,3.156335822897306,4.770075432384291,10:34,3. Counting Survey
TRACKWAY3_counting-part-1.gpx,2026-04-07T10:34:47Z,"c(34.500271, -18.902689)",7.472881841557029,4,6.725593657401326,5.874209099998904,10:34,3. Counting Survey
TRACKWAY3_counting-part-1.gpx,2026-04-07T10:34:52Z,"c(34.500252, -18.902784)",10.75096919402511,5,7.74069781969808,6.295685793786084,10:34,3. Counting Survey
TRACKWAY3_counting-part-1.gpx,2026-04-07T10:34:57Z,"c(34.500203, -18.902814)",6.13995264480395,5,4.420765904258844,5.615912997553758,10:34,3. Counting Survey
TRACKWAY3_counting-part-1.gpx,2026-04-07T10:35:04Z,"c(34.500119, -18.902834)",9.112201911369567,7,4.686275268704349,4.728229403801719,10:35,3. Counting Survey
TRACKWAY3_counting-part-1.gpx,2026-04-07T10:35:07Z,"c(34.500079, -18.90283)",4.231372532034969,3,5.077647038441963,4.80919767680083,10:35,3. Counting Survey
TRACKWAY3_counting-part-1.gpx,2026-04-07T10:35:13Z,"c(34.50001, -18.902805)",7.772784538760295,6,4.663670723256177,5.028744193143565,10:35,3. Counting Survey
TRACKWAY3_counting-part-1.gpx,2026-04-07T10:35:20Z,"c(34.499924, -18.902759)",10.392889923368857,7,5.344914817732555,3.994719455328273,10:35,3. Counting Survey
TRACKWAY3_counting-part-1.gpx,2026-04-07T10:35:36Z,"c(34.499871, -18.902698)",8.780323666649277,16,1.9755728249960873,3.275171687152115,10:35,3. Counting Survey
TRACKWAY3_counting-part-1.gpx,2026-04-07T10:35:57Z,"c(34.499947, -18.902808)",14.612659942578269,21,2.5050274187277033,1.9253980753632303,10:35,3. Counting Survey
TRACKWAY3_counting-part-1.gpx,2026-04-07T10:36:06Z,"c(34.499974, -18.902794)",3.2389849559147508,9,1.2955939823659004,1.5975874015649123,10:36,3. Counting Survey
TRACKWAY3_counting-part-1.gpx,2026-04-07T10:36:40Z,"c(34.500005, -18.902715)",9.370218700677366,34,0.992140803601133,1.0039676644930484,10:36,3. Counting Survey
TRACKWAY3_counting-part-1.gpx,2026-04-07T10:37:19Z,"c(34.500034, -18.90278)",7.845155581381212,39,0.7241682075121119,0.8822791280667555,10:37,3. Counting Survey
TRACKWAY3_counting-part-1.gpx,2026-04-07T10:37:35Z,"c(34.500038, -18.902817)",4.13568165816454,16,0.9305283730870214,2.0481099472187103,10:37,3. Counting Survey
TRACKWAY3_counting-part-1.gpx,2026-04-07T10:37:42Z,"c(34.49997, -18.902772)",8.729842452055271,7,4.489633261056997,5.5090152626847795,10:37,3. Counting Survey
TRACKWAY3_counting-part-1.gpx,2026-04-07T10:37:50Z,"c(34.499756, -18.902681)",24.68196478646738,8,11.10688415391032,7.146184923269681,10:37,3. Counting Survey
TRACKWAY3_counting-part-1.gpx,2026-04-07T10:37:55Z,"c(34.499697, -18.902634)",8.113940770613508,5,5.842037354841726,6.088486812565223,10:37,3. Counting Survey
TRACKWAY3_counting-part-1.gpx,2026-04-07T10:38:25Z,"c(34.499639, -18.902552)",10.97115774119685,30,1.316538928943622,2.6852550925599594,10:38,3. Counting Survey
TRACKWAY3_counting-part-1.gpx,2026-04-07T10:38:50Z,"c(34.499641, -18.902496)",6.230479124267569,25,0.8971889938945299,1.2978645237131132,10:38,3. Counting Survey
TRACKWAY3_counting-part-1.gpx,2026-04-07T10:39:00Z,"c(34.499667, -18.902462)",4.6662934675033,10,1.679865648301188,1.440877600617101,10:39,3. Counting Survey
TRACKWAY3_counting-part-1.gpx,2026-04-07T10:39:12Z,"c(34.499619, -18.902488)",5.818593865518617,12,1.745578159655585,1.856256914599919,10:39,3. Counting Survey
TRACKWAY3_counting-part-1.gpx,2026-04-07T10:39:18Z,"c(34.499616, -18.90252)",3.572211559738307,6,2.143326935842984,1.738736526316234,10:39,3. Counting Survey
TRACKWAY3_counting-part-1.gpx,2026-04-07T10:39:25Z,"c(34.499637, -18.902532)",2.5808698289308136,7,1.3273044834501329,1.4034505065049137,10:39,3. Counting Survey
TRACKWAY3_counting-part-1.gpx,2026-04-07T10:39:47Z,"c(34.499608, -18.902502)",4.520511723576591,22,0.7397201002216239,0.8928585114201562,10:39,3. Counting Survey
TRACKWAY3_counting-part-1.gpx,2026-04-07T10:40:12Z,"c(34.499641, -18.902524)",4.246881601310497,25,0.6115509505887116,0.6537518686132536,10:40,3. Counting Survey
TRACKWAY3_counting-part-1.gpx,2026-04-07T10:40:33Z,"c(34.499641, -18.902556)",3.5582432376716473,21,0.6099845550294253,1.3487796363343794,10:40,3. Counting Survey
TRACKWAY3_counting-part-1.gpx,2026-04-07T10:40:53Z,"c(34.499566, -18.902434)",15.693352241027783,20,2.824803403385001,3.1310591545539,10:40,3. Counting Survey
TRACKWAY3_counting-part-1.gpx,2026-04-07T10:41:02Z,"c(34.499444, -18.902366)",14.895973763118183,9,5.958389505247274,4.3406722155668716,10:41,3. Counting Survey
TRACKWAY3_counting-part-1.gpx,2026-04-07T10:41:12Z,"c(34.499338, -18.902332)",11.774510383523165,10,4.23882373806834,4.335288581445732,10:41,3. Counting Survey
TRACKWAY3_counting-part-1.gpx,2026-04-07T10:41:17Z,"c(34.49931, -18.902309)",3.900906251418865,5,2.808652501021583,2.9746226565433327,10:41,3. Counting Survey
TRACKWAY3_counting-part-1.gpx,2026-04-07T10:41:27Z,"c(34.499288, -18.902267)",5.212199251500208,10,1.876391730540075,2.4319439856557805,10:41,3. Counting Survey
TRACKWAY3_counting-part-1.gpx,2026-04-07T10:41:39Z,"c(34.499251, -18.902337)",8.70262575135228,12,2.6107877254056837,2.1429620030981793,10:41,3. Counting Survey
TRACKWAY3_counting-part-1.gpx,2026-04-07T10:41:46Z,"c(34.499239, -18.902305)",3.7755405204004036,7,1.9417065533487792,3.0565291852621197,10:41,3. Counting Survey
TRACKWAY3_counting-part-1.gpx,2026-04-07T10:41:49Z,"c(34.49925, -18.902272)",3.847577730859914,3,4.617093277031897,3.553752260160762,10:41,3. Counting Survey
TRACKWAY3_counting-part-1.gpx,2026-04-07T10:41:57Z,"c(34.499317, -18.90222)",9.1165710002258,8,4.10245695010161,4.331534824315841,10:41,3. Counting Survey
TRACKWAY3_counting-part-1.gpx,2026-04-07T10:42:10Z,"c(34.499463, -18.902206)",15.437695887661722,13,4.275054245814015,3.048250661024304,10:42,3. Counting Survey
TRACKWAY3_counting-part-1.gpx,2026-04-07T10:42:37Z,"c(34.499512, -18.902183)",5.754305903679648,27,0.7672407871572864,2.053420769484869,10:42,3. Counting Survey
TRACKWAY3_counting-part-1.gpx,2026-04-07T10:42:54Z,"c(34.499496, -18.902138)",5.279289912004499,17,1.1179672754833057,2.0683637018233734,10:42,3. Counting Survey
TRACKWAY3_counting-part-1.gpx,2026-04-07T10:42:58Z,"c(34.4995, -18.902095)",4.799870047588365,4,4.319883042829528,2.4663074159221194,10:42,3. Counting Survey
TRACKWAY3_counting-part-1.gpx,2026-04-07T10:43:15Z,"c(34.499536, -18.902019)",9.260617444641646,17,1.961071929453525,2.552868588516767,10:43,3. Counting Survey
TRACKWAY3_counting-part-1.gpx,2026-04-07T10:43:35Z,"c(34.499486, -18.902069)",7.653615518151374,20,1.3776507932672473,1.518168874392636,10:43,3. Counting Survey
TRACKWAY3_counting-part-1.gpx,2026-04-07T10:43:46Z,"c(34.499455, -18.902085)",3.7148952513968045,11,1.215783900457136,1.3764231815756545,10:43,3. Counting Survey
TRACKWAY3_counting-part-1.gpx,2026-04-07T10:44:05Z,"c(34.499509, -18.902137)",8.105795046958061,19,1.53583485100258,1.3431512394127696,10:44,3. Counting Survey
TRACKWAY3_counting-part-1.gpx,2026-04-07T10:44:15Z,"c(34.499491, -18.90211)",3.54954157438498,10,1.2778349667785929,2.516698282185759,10:44,3. Counting Survey
TRACKWAY3_counting-part-1.gpx,2026-04-07T10:44:18Z,"c(34.499455, -18.9021)",3.94702085731342,3,4.736425028776104,3.879353258076816,10:44,3. Counting Survey
TRACKWAY3_counting-part-1.gpx,2026-04-07T10:44:26Z,"c(34.499337, -18.902113)",12.497332841501668,8,5.6237997786757505,4.972130168238657,10:44,3. Counting Survey
TRACKWAY3_counting-part-1.gpx,2026-04-07T10:44:33Z,"c(34.499269, -18.902066)",8.859211078013558,7,4.556165697264116,4.850734309889923,10:44,3. Counting Survey
TRACKWAY3_counting-part-1.gpx,2026-04-07T10:44:48Z,"c(34.499165, -18.901935)",18.21765605720792,15,4.372237453729901,4.397506314360491,10:44,3. Counting Survey
TRACKWAY3_counting-part-1.gpx,2026-04-07T10:45:01Z,"c(34.499066, -18.901833)",15.398195915871375,13,4.264115792087457,4.1067923034038545,10:45,3. Counting Survey
TRACKWAY3_counting-part-1.gpx,2026-04-07T10:45:08Z,"c(34.499002, -18.901811)",7.1633793474331755,7,3.684023664394205,3.688573406614455,10:45,3. Counting Survey
TRACKWAY3_counting-part-1.gpx,2026-04-07T10:45:15Z,"c(34.498945, -18.901819)",6.061962595425533,7,3.117580763361703,3.043864638260164,10:45,3. Counting Survey
TRACKWAY3_counting-part-1.gpx,2026-04-07T10:45:30Z,"c(34.49886, -18.901853)",9.708289529269102,15,2.3299894870245845,2.4920693596515946,10:45,3. Counting Survey
TRACKWAY3_counting-part-1.gpx,2026-04-07T10:45:41Z,"c(34.498915, -18.901833)",6.19861558729263,11,2.0286378285684967,2.1685438753793647,10:45,3. Counting Survey
TRACKWAY3_counting-part-1.gpx,2026-04-07T10:45:56Z,"c(34.498924, -18.901753)",8.945851293937551,15,2.1470043105450123,3.745540915681014,10:45,3. Counting Survey
TRACKWAY3_counting-part-1.gpx,2026-04-07T10:45:58Z,"c(34.498948, -18.901726)",3.922767004405296,2,7.060980607929533,5.055831653060007,10:45,3. Counting Survey
TRACKWAY3_counting-part-1.gpx,2026-04-07T10:46:00Z,"c(34.498978, -18.901717)",3.310838911503042,2,5.959510040705475,6.025909601670599,10:46,3. Counting Survey
TRACKWAY3_counting-part-1.gpx,2026-04-07T10:46:05Z,"c(34.499042, -18.901735)",7.0239418838566525,5,5.05723815637679,4.706096342219021,10:46,3. Counting Survey
TRACKWAY3_counting-part-1.gpx,2026-04-07T10:46:12Z,"c(34.499074, -18.90178)",6.030773835284329,7,3.1015408295747977,3.7580325925370053,10:46,3. Counting Survey
TRACKWAY3_counting-part-1.gpx,2026-04-07T10:46:16Z,"c(34.499077, -18.901811)",3.4614653240660314,4,3.1153187916594285,3.6727054309057725,10:46,3. Counting Survey
TRACKWAY3_counting-part-1.gpx,2026-04-07T10:46:19Z,"c(34.499056, -18.901841)",4.00104722623591,3,4.801256671483092,4.9586509594169685,10:46,3. Counting Survey
TRACKWAY3_counting-part-1.gpx,2026-04-07T10:46:21Z,"c(34.49902, -18.901848)",3.866320786171325,2,6.959377415108385,5.670445423825897,10:46,3. Counting Survey
TRACKWAY3_counting-part-1.gpx,2026-04-07T10:46:24Z,"c(34.498982, -18.901832)",4.375585154071844,3,5.250702184886213,4.883580107949331,10:46,3. Counting Survey
TRACKWAY3_counting-part-1.gpx,2026-04-07T10:46:36Z,"c(34.498931, -18.901777)",8.135535746177977,12,2.4406607238533935,3.216442325917187,10:46,3. Counting Survey
TRACKWAY3_counting-part-1.gpx,2026-04-07T10:46:55Z,"c(34.498876, -18.901854)",10.333699253118644,19,1.9579640690119535,3.132314590188378,10:46,3. Counting Survey
TRACKWAY3_counting-part-1.gpx,2026-04-07T10:47:05Z,"c(34.498995, -18.9018)",13.884219382499412,10,4.998318977699788,4.383333833491651,10:47,3. Counting Survey
TRACKWAY3_counting-part-1.gpx,2026-04-07T10:47:16Z,"c(34.499174, -18.901783)",18.925250830943142,11,6.193718453763211,4.010077586434833,10:47,3. Counting Survey
TRACKWAY3_counting-part-1.gpx,2026-04-07T10:48:35Z,"c(34.499341, -18.901734)",18.393730805410705,79,0.8381953278415005,2.550734935847432,10:48,3. Counting Survey
TRACKWAY3_counting-part-1.gpx,2026-04-07T10:49:38Z,"c(34.499424, -18.901676)",10.85509295390773,63,0.6202910259375846,1.7381221852729831,10:49,3. Counting Survey
TRACKWAY3_counting-part-1.gpx,2026-04-07T10:49:49Z,"c(34.499529, -18.901648)",11.47630061734403,11,3.7558802020398647,2.1853452650012017,10:49,3. Counting Survey
TRACKWAY3_counting-part-1.gpx,2026-04-07T10:50:15Z,"c(34.499651, -18.901566)",15.74346631741113,26,2.1798645670261565,2.1793494784385614,10:50,3. Counting Survey
TRACKWAY3_counting-part-1.gpx,2026-04-07T10:50:29Z,"c(34.49963, -18.901559)",2.342292035415357,14,0.6023036662496632,1.2940090613803463,10:50,3. Counting Survey
TRACKWAY3_counting-part-1.gpx,2026-04-07T10:50:52Z,"c(34.499693, -18.901538)",7.0268766305277905,23,1.0998589508652195,1.5112282979522171,10:50,3. Counting Survey
TRACKWAY3_counting-part-1.gpx,2026-04-07T10:51:05Z,"c(34.49978, -18.901579)",10.22494155490083,13,2.8315222767417687,2.0451905192550464,10:51,3. Counting Survey
TRACKWAY3_counting-part-1.gpx,2026-04-07T10:51:18Z,"c(34.499852, -18.901601)",7.959576192237766,13,2.204190330158151,2.3357002817407055,10:51,3. Counting Survey
TRACKWAY3_counting-part-1.gpx,2026-04-07T10:51:48Z,"c(34.499697, -18.901583)",16.428235319351636,30,1.9713882383221966,2.310883049319693,10:51,3. Counting Survey
TRACKWAY3_counting-part-1.gpx,2026-04-07T10:51:56Z,"c(34.499639, -18.901588)",6.126823509952733,8,2.75707057947873,2.4229254392212782,10:51,3. Counting Survey
TRACKWAY3_counting-part-1.gpx,2026-04-07T10:52:06Z,"c(34.499575, -18.901607)",7.056437499619187,10,2.5403174998629074,2.578071689493721,10:52,3. Counting Survey
TRACKWAY3_counting-part-1.gpx,2026-04-07T10:52:12Z,"c(34.499549, -18.901634)",4.061378315232542,6,2.4368269891395253,1.9924023663139672,10:52,3. Counting Survey
TRACKWAY3_counting-part-1.gpx,2026-04-07T10:52:27Z,"c(34.499538, -18.90167)",4.166927541414453,15,1.0000626099394687,2.3453692535477955,10:52,3. Counting Survey
TRACKWAY3_counting-part-1.gpx,2026-04-07T10:52:35Z,"c(34.499471, -18.901636)",7.998262581254204,8,3.599218161564392,3.1741984385521502,10:52,3. Counting Survey
TRACKWAY3_counting-part-1.gpx,2026-04-07T10:52:38Z,"c(34.499432, -18.901636)",4.102762120127158,3,4.92331454415259,4.863737757278782,10:52,3. Counting Survey
TRACKWAY3_counting-part-1.gpx,2026-04-07T10:52:41Z,"c(34.499387, -18.901652)",5.05723380509947,3,6.0686805661193635,5.656961015345908,10:52,3. Counting Survey
TRACKWAY3_counting-part-1.gpx,2026-04-07T10:52:46Z,"c(34.499336, -18.901709)",8.304011021896901,5,5.978887935765769,5.627684072031559,10:52,3. Counting Survey
TRACKWAY3_counting-part-1.gpx,2026-04-07T10:52:51Z,"c(34.49928, -18.901738)",6.715949603068811,5,4.835483714209545,5.267038456612532,10:52,3. Counting Survey
TRACKWAY3_counting-part-1.gpx,2026-04-07T10:52:59Z,"c(34.499175, -18.901746)",11.08165271080507,8,4.9867437198622815,5.321745595560466,10:52,3. Counting Survey
TRACKWAY3_counting-part-1.gpx,2026-04-07T10:53:05Z,"c(34.49908, -18.901766)",10.23834892101595,6,6.14300935260957,5.712461686775452,10:53,3. Counting Survey
TRACKWAY3_counting-part-1.gpx,2026-04-07T10:53:10Z,"c(34.499003, -18.901748)",8.343933316464588,5,6.007631987854503,6.162613565153459,10:53,3. Counting Survey
TRACKWAY3_counting-part-1.gpx,2026-04-07T10:53:14Z,"c(34.498957, -18.901702)",7.041332616662559,4,6.3371993549963035,6.427501115382205,10:53,3. Counting Survey
TRACKWAY3_counting-part-1.gpx,2026-04-07T10:53:20Z,"c(34.49891, -18.901608)",11.562786672159676,6,6.937672003295806,6.620876565778878,10:53,3. Counting Survey
TRACKWAY3_counting-part-1.gpx,2026-04-07T10:53:24Z,"c(34.498899, -18.901543)",7.319731487827249,4,6.587758339044524,5.199234501654928,10:53,3. Counting Survey
TRACKWAY3_counting-part-1.gpx,2026-04-07T10:53:41Z,"c(34.4989, -18.901455)",9.785734379059921,17,2.072273162624454,3.0367301740957235,10:53,3. Counting Survey
TRACKWAY3_counting-part-1.gpx,2026-04-07T10:54:05Z,"c(34.498925, -18.901468)",3.0010601374546204,24,0.45015902061819313,1.2109803642914296,10:54,3. Counting Survey
TRACKWAY3_counting-part-1.gpx,2026-04-07T10:54:46Z,"c(34.498976, -18.901365)",12.647462581915923,41,1.110508909631642,0.7188178933938462,10:54,3. Counting Survey
TRACKWAY3_counting-part-1.gpx,2026-04-07T10:55:19Z,"c(34.498987, -18.901317)",5.461369374373947,33,0.5957857499317034,0.7168990930748443,10:55,3. Counting Survey
TRACKWAY3_counting-part-1.gpx,2026-04-07T10:56:30Z,"c(34.498975, -18.901239)",8.764607221095641,71,0.4444026196611875,0.5846918380295287,10:56,3. Counting Survey
TRACKWAY3_counting-part-1.gpx,2026-04-07T10:57:09Z,"c(34.498906, -18.901263)",7.7337773987033644,39,0.7138871444956952,0.5818200715136792,10:57,3. Counting Survey
TRACKWAY3_counting-part-1.gpx,2026-04-07T10:58:39Z,"c(34.498908, -18.901131)",14.679261259603868,90,0.5871704503841547,1.0814546701274972,10:58,3. Counting Survey
TRACKWAY3_counting-part-1.gpx,2026-04-07T10:58:45Z,"c(34.498883, -18.901148)",3.2388440258377362,6,1.9433064155026418,1.1502824450108848,10:58,3. Counting Survey
TRACKWAY3_counting-part-1.gpx,2026-04-07T10:58:57Z,"c(34.498889, -18.901121)",3.0679015638195266,12,0.920370469145858,1.5565316876496762,10:58,3. Counting Survey
TRACKWAY3_counting-part-1.gpx,2026-04-07T10:59:17Z,"c(34.49898, -18.901094)",10.032878768336271,20,1.8059181783005287,1.4991251348876884,10:59,3. Counting Survey
TRACKWAY3_counting-part-1.gpx,2026-04-07T10:59:47Z,"c(34.498841, -18.901112)",14.759056310138986,30,1.7710867572166784,1.4745776795217849,10:59,3. Counting Survey
TRACKWAY3_counting-part-1.gpx,2026-04-07T11:00:14Z,"c(34.498891, -18.901144)",6.350460772861106,27,0.8467281030481475,1.0847023570231107,11:00,3. Counting Survey
TRACKWAY3_counting-part-1.gpx,2026-04-07T11:00:45Z,"c(34.498942, -18.901134)",5.479182926372138,31,0.6362922108045064,0.7520557604932552,11:00,3. Counting Survey
TRACKWAY3_counting-part-1.gpx,2026-04-07T11:01:14Z,"c(34.49892, -18.901186)",6.228128350329511,29,0.7731469676271118,1.0332015721087062,11:01,3. Counting Survey
TRACKWAY3_counting-part-1.gpx,2026-04-07T11:01:32Z,"c(34.49892, -18.90111)",8.4508276894725,18,1.6901655378945002,1.3391473605674014,11:01,3. Counting Survey
TRACKWAY3_counting-part-1.gpx,2026-04-07T11:02:04Z,"c(34.498886, -18.90099)",13.814485121605266,32,1.5541295761805924,1.3246026979303314,11:02,3. Counting Survey
TRACKWAY3_counting-part-1.gpx,2026-04-07T11:02:54Z,"c(34.498928, -18.900908)",10.132124718276414,50,0.7295129797159018,1.4307397987365231,11:02,3. Counting Survey
TRACKWAY3_counting-part-1.gpx,2026-04-07T11:03:03Z,"c(34.498932, -18.900863)",5.0214421007826875,9,2.0085768403130753,1.974647727237264,11:03,3. Counting Survey
TRACKWAY3_counting-part-1.gpx,2026-04-07T11:03:12Z,"c(34.498922, -18.900792)",7.964633404207038,9,3.185853361682815,2.8891499099851843,11:03,3. Counting Survey
TRACKWAY3_counting-part-1.gpx,2026-04-07T11:03:20Z,"c(34.498887, -18.900731)",7.717821173243696,8,3.473019527959663,3.42084704495155,11:03,3. Counting Survey
TRACKWAY3_counting-part-1.gpx,2026-04-07T11:03:32Z,"c(34.498808, -18.900653)",12.012227484040569,12,3.603668245212171,3.5929853578675734,11:03,3. Counting Survey
TRACKWAY3_counting-part-1.gpx,2026-04-07T11:03:44Z,"c(34.49877, -18.900548)",12.340894334769619,12,3.702268300430886,3.2118352875394853,11:03,3. Counting Survey
TRACKWAY3_counting-part-1.gpx,2026-04-07T11:03:55Z,"c(34.498782, -18.900485)",7.11812846853594,11,2.329569316975399,2.730435064822711,11:03,3. Counting Survey
TRACKWAY3_counting-part-1.gpx,2026-04-07T11:04:14Z,"c(34.498847, -18.900403)",11.397189990048643,19,2.1594675770618483,1.7254004237714384,11:04,3. Counting Survey
TRACKWAY3_counting-part-1.gpx,2026-04-07T11:04:34Z,"c(34.498813, -18.900415)",3.8175798737614897,20,0.6871643772770681,1.1248613257641797,11:04,3. Counting Survey
TRACKWAY3_counting-part-1.gpx,2026-04-07T11:05:18Z,"c(34.498815, -18.900357)",6.452746947210948,44,0.527952022953623,0.5514584075469464,11:05,3. Counting Survey
TRACKWAY3_counting-part-1.gpx,2026-04-07T11:05:55Z,"c(34.49879, -18.90039)",4.514604563659857,37,0.43925882241014824,0.7314572307018468,11:05,3. Counting Survey
TRACKWAY3_counting-part-1.gpx,2026-04-07T11:06:16Z,"c(34.498804, -18.900453)",7.158438272660319,21,1.227160846741769,0.7981576043706754,11:06,3. Counting Survey
TRACKWAY3_counting-part-1.gpx,2026-04-07T11:06:38Z,"c(34.49884, -18.900432)",4.449213657534,22,0.7280531439601091,1.0033338496322926,11:06,3. Counting Survey
TRACKWAY3_counting-part-1.gpx,2026-04-07T11:06:56Z,"c(34.49887, -18.900394)",5.273937790974999,18,1.054787558195,0.7113865076526449,11:06,3. Counting Survey
TRACKWAY3_counting-part-1.gpx,2026-04-07T11:07:17Z,"c(34.498853, -18.900385)",2.0493597880164827,21,0.3513188208028256,0.616940066862076,11:07,3. Counting Survey
TRACKWAY3_counting-part-1.gpx,2026-04-07T11:07:56Z,"c(34.498831, -18.900347)",4.817733067207693,39,0.44471382158840245,0.6557166139493521,11:07,3. Counting Survey
TRACKWAY3_counting-part-1.gpx,2026-04-07T11:08:47Z,"c(34.498851, -18.900199)",16.590826992305068,51,1.1711171994568284,1.1237113051477021,11:08,3. Counting Survey
TRACKWAY3_counting-part-1.gpx,2026-04-07T11:09:37Z,"c(34.49884, -18.89998)",24.379206866637162,50,1.7553028943978757,1.3075313555895043,11:09,3. Counting Survey
TRACKWAY3_counting-part-1.gpx,2026-04-07T11:10:08Z,"c(34.498845, -18.899903)",8.5781647667578,31,0.996173972913809,1.1064511925853895,11:10,3. Counting Survey
TRACKWAY3_counting-part-1.gpx,2026-04-07T11:10:57Z,"c(34.498901, -18.899858)",7.729433003272144,49,0.567876710444484,1.4869757010339788,11:10,3. Counting Survey
TRACKWAY3_counting-part-1.gpx,2026-04-07T11:11:14Z,"c(34.498967, -18.899752)",13.679694204344981,17,2.896876419743643,1.3506947050832854,11:11,3. Counting Survey
TRACKWAY3_counting-part-1.gpx,2026-04-07T11:12:11Z,"c(34.498989, -18.899671)",9.29940726347737,57,0.5873309850617286,1.4600523295504408,11:12,3. Counting Survey
TRACKWAY3_counting-part-1.gpx,2026-04-07T11:12:45Z,"c(34.498912, -18.899693)",8.4617460696562,34,0.8959495838459507,0.639523799027718,11:12,3. Counting Survey
TRACKWAY3_counting-part-1.gpx,2026-04-07T11:13:38Z,"c(34.498903, -18.899636)",6.40844830369449,53,0.4352908281754748,0.5980654570170072,11:13,3. Counting Survey
TRACKWAY3_counting-part-1.gpx,2026-04-07T11:14:21Z,"c(34.498854, -18.899654)",5.529751732853508,43,0.46295595902959596,0.9176558683877533,11:14,3. Counting Survey
TRACKWAY3_counting-part-1.gpx,2026-04-07T11:14:32Z,"c(34.498822, -18.899613)",5.667202499316688,11,1.8547208179581889,1.4489239671240717,11:14,3. Counting Survey
TRACKWAY3_counting-part-1.gpx,2026-04-07T11:14:45Z,"c(34.498758, -18.899639)",7.327287949165997,13,2.02909512438443,2.2159582038336256,11:14,3. Counting Survey
TRACKWAY3_counting-part-1.gpx,2026-04-07T11:14:52Z,"c(34.498752, -18.899591)",5.374558523363278,7,2.7640586691582576,4.123844651256334,11:14,3. Counting Survey
TRACKWAY3_counting-part-1.gpx,2026-04-07T11:15:02Z,"c(34.498814, -18.899411)",21.051056000628652,10,7.578380160226315,6.097120702721191,11:15,4. Break at Hippo House
TRACKWAY3_counting-part-1.gpx,2026-04-07T11:15:10Z,"c(34.498899, -18.899274)",17.664273952842223,8,7.9489232787790005,7.577278610409537,11:15,4. Break at Hippo House
TRACKWAY3_counting-part-1.gpx,2026-04-07T11:15:16Z,"c(34.498985, -18.899203)",12.007553987038824,6,7.204532392223295,6.56437570277146,11:15,4. Break at Hippo House
TRACKWAY3_counting-part-1.gpx,2026-04-07T11:15:24Z,"c(34.49907, -18.899161)",10.088158749582407,8,4.539671437312083,4.940403782357283,11:15,4. Break at Hippo House
TRACKWAY3_counting-part-1.gpx,2026-04-07T11:15:33Z,"c(34.49914, -18.899141)",7.69251879384118,9,3.077007517536472,3.153843810664459,11:15,4. Break at Hippo House
TRACKWAY3_counting-part-1.gpx,2026-04-07T11:15:48Z,"c(34.499213, -18.899138)",7.686885321436758,15,1.8448524771448223,2.06575452291739,11:15,4. Break at Hippo House
TRACKWAY3_counting-part-1.gpx,2026-04-07T11:16:04Z,"c(34.499263, -18.899157)",5.6684603292038895,16,1.2754035740708751,1.3542846260738122,11:16,4. Break at Hippo House
TRACKWAY3_counting-part-1.gpx,2026-04-07T11:16:27Z,"c(34.49932, -18.899152)",6.022152783647777,23,0.942597827005739,1.7757892972457772,11:16,4. Break at Hippo House
TRACKWAY3_counting-part-1.gpx,2026-04-07T11:16:42Z,"c(34.499439, -18.899182)",12.95569371108632,15,3.109366490660717,4.06810746006347,11:16,4. Break at Hippo House
TRACKWAY3_counting-part-1.gpx,2026-04-07T11:16:44Z,"c(34.499482, -18.899184)",4.529087812513307,2,8.152358062523954,7.569123913466412,11:16,4. Break at Hippo House
TRACKWAY3_counting-part-1.gpx,2026-04-07T11:16:53Z,"c(34.499753, -18.899162)",28.614117968036414,9,11.445647187214565,10.542355396572926,11:16,4. Break at Hippo House
TRACKWAY3_counting-part-1.gpx,2026-04-07T11:17:01Z,"c(34.500003, -18.899119)",26.73124653328947,8,12.029060939980262,11.758832943912704,11:17,4. Break at Hippo House
TRACKWAY3_counting-part-1.gpx,2026-04-07T11:17:05Z,"c(34.500121, -18.899081)",13.113100782825876,4,11.801790704543288,12.207812969254197,11:17,4. Break at Hippo House
TRACKWAY3_counting-part-1.gpx,2026-04-07T11:17:12Z,"c(34.500337, -18.89899)",24.874475234075916,7,12.792587263239042,12.63825836443073,11:17,4. Break at Hippo House
TRACKWAY3_counting-part-1.gpx,2026-04-07T11:17:28Z,"c(34.500871, -18.898822)",59.20176500226604,16,13.32039712550986,13.10807101184645,11:17,4. Break at Hippo House
TRACKWAY3_counting-part-1.gpx,2026-04-07T11:17:33Z,"c(34.501044, -18.898801)",18.348928676097845,5,13.211228646790449,13.1233000942814,11:17,4. Break at Hippo House
TRACKWAY3_counting-part-1.gpx,2026-04-07T11:17:42Z,"c(34.501349, -18.898808)",32.09568627635973,9,12.838274510543892,13.019400521161828,11:17,4. Break at Hippo House
TRACKWAY3_counting-part-1.gpx,2026-04-07T11:17:55Z,"c(34.501794, -18.898773)",46.97585535554578,13,13.00869840615114,13.001550926915497,11:17,4. Break at Hippo House
TRACKWAY3_counting-part-1.gpx,2026-04-07T11:18:01Z,"c(34.502002, -18.898786)",21.92946644008576,6,13.157679864051458,13.22185575772681,11:18,4. Break at Hippo House
TRACKWAY3_counting-part-1.gpx,2026-04-07T11:18:05Z,"c(34.502143, -18.898806)",14.999098892197592,4,13.499189002977833,13.790001287880505,11:18,4. Break at Hippo House
TRACKWAY3_counting-part-1.gpx,2026-04-07T11:18:08Z,"c(34.502256, -18.898833)",12.260945830510188,3,14.713134996612226,15.393997292367079,11:18,4. Break at Hippo House
TRACKWAY3_counting-part-1.gpx,2026-04-07T11:18:13Z,"c(34.502476, -18.898917)",24.957872052098857,5,17.969667877511178,18.69861200037556,11:18,4. Break at Hippo House
TRACKWAY3_counting-part-1.gpx,2026-04-07T11:18:17Z,"c(34.502687, -18.899039)",26.014481252225863,4,23.413033127003278,23.603186675535863,11:18,4. Break at Hippo House
TRACKWAY3_counting-part-1.gpx,2026-04-07T11:18:23Z,"c(34.503054, -18.899311)",49.044765036821886,6,29.426859022093133,28.915719493891313,11:18,4. Break at Hippo House
TRACKWAY3_counting-part-1.gpx,2026-04-07T11:18:27Z,"c(34.503314, -18.899544)",37.67474036953059,4,33.90726633257753,33.390761570388385,11:18,4. Break at Hippo House
TRACKWAY3_counting-part-1.gpx,2026-04-07T11:18:32Z,"c(34.503637, -18.899888)",51.16411021735346,5,36.838159356494494,36.40510005328696,11:18,4. Break at Hippo House
TRACKWAY3_counting-part-1.gpx,2026-04-07T11:18:38Z,"c(34.504022, -18.900335)",64.11645745131477,6,38.46987447078886,38.109662822435276,11:18,4. Break at Hippo House
TRACKWAY3_counting-part-1.gpx,2026-04-07T11:18:55Z,"c(34.505092, -18.901647)",184.26561913343943,17,39.02095464002247,38.777964792318954,11:18,4. Break at Hippo House
TRACKWAY3_counting-part-1.gpx,2026-04-07T11:19:06Z,"c(34.505718, -18.902535)",118.68714386877805,11,38.843065266145544,38.96594422340201,11:19,4. Break at Hippo House
TRACKWAY3_counting-part-1.gpx,2026-04-07T11:19:10Z,"c(34.505964, -18.902848)",43.370903071153364,4,39.03381276403803,38.88118468420711,11:19,4. Break at Hippo House
TRACKWAY3_counting-part-1.gpx,2026-04-07T11:19:13Z,"c(34.506167, -18.903066)",32.30556335203147,3,38.766676022437764,38.8910314834617,11:19,4. Break at Hippo House
TRACKWAY3_counting-part-1.gpx,2026-04-07T11:19:23Z,"c(34.506911, -18.903735)",107.97946017752587,10,38.87260566390931,38.785190378896054,11:19,4. Break at Hippo House
TRACKWAY3_counting-part-1.gpx,2026-04-07T11:19:41Z,"c(34.508263, -18.904916)",193.58144725170544,18,38.71628945034109,38.966434051121915,11:19,4. Break at Hippo House
TRACKWAY3_counting-part-1.gpx,2026-04-07T11:19:50Z,"c(34.508937, -18.905528)",98.27601759778837,9,39.31040703911535,39.18351556243656,11:19,4. Break at Hippo House
TRACKWAY3_counting-part-1.gpx,2026-04-07T11:19:58Z,"c(34.509515, -18.906098)",87.83077821745168,8,39.52385019785326,39.53674846615166,11:19,4. Break at Hippo House
TRACKWAY3_counting-part-1.gpx,2026-04-07T11:20:02Z,"c(34.509793, -18.906396)",44.19554240165152,4,39.775988161486374,39.544509374684566,11:20,4. Break at Hippo House
TRACKWAY3_counting-part-1.gpx,2026-04-07T11:20:07Z,"c(34.510126, -18.906773)",54.63012467321398,5,39.333689764714066,39.616692858539565,11:20,4. Break at Hippo House
TRACKWAY3_counting-part-1.gpx,2026-04-07T11:20:12Z,"c(34.510485, -18.907135)",55.195000901969784,5,39.74040064941825,39.552302500807706,11:20,4. Break at Hippo House
TRACKWAY3_counting-part-1.gpx,2026-04-07T11:20:18Z,"c(34.510929, -18.907554)",65.97136181381799,6,39.582817088290795,39.541470215733284,11:20,4. Break at Hippo House
TRACKWAY3_counting-part-1.gpx,2026-04-07T11:20:25Z,"c(34.51146, -18.908023)",76.4189862128988,7,39.301192909490815,39.596456415038375,11:20,4. Break at Hippo House
TRACKWAY3_counting-part-1.gpx,2026-04-07T11:20:35Z,"c(34.512191, -18.908741)",110.848220131482,10,39.90535924733352,39.695972507003724,11:20,4. Break at Hippo House
TRACKWAY3_counting-part-1.gpx,2026-04-07T11:20:52Z,"c(34.513448, -18.909947)",188.32866977532674,17,39.88136536418684,39.835759786754835,11:20,4. Break at Hippo House
TRACKWAY3_counting-part-1.gpx,2026-04-07T11:21:08Z,"c(34.514605, -18.911097)",176.5357988833073,16,39.72055474874414,39.83119295725019,11:21,4. Break at Hippo House
TRACKWAY3_counting-part-1.gpx,2026-04-07T11:21:12Z,"c(34.514908, -18.911374)",44.32406528757732,4,39.89165875881959,39.815577981296386,11:21,4. Break at Hippo House
TRACKWAY3_counting-part-1.gpx,2026-04-07T11:21:17Z,"c(34.51525, -18.911752)",55.32572282822976,5,39.83452043632543,39.59556144772324,11:21,4. Break at Hippo House
TRACKWAY3_counting-part-1.gpx,2026-04-07T11:21:20Z,"c(34.51546, -18.911967)",32.55042095668726,3,39.06050514802472,37.80740425429403,11:21,4. Break at Hippo House
TRACKWAY3_counting-part-1.gpx,2026-04-07T11:21:33Z,"c(34.516284, -18.912773)",124.68150925580977,13,34.52718717853194,33.01053343357935,11:21,4. Break at Hippo House
TRACKWAY3_counting-part-1.gpx,2026-04-07T11:21:38Z,"c(34.516509, -18.913009)",35.33876107525192,5,25.443907974181382,27.509820264813847,11:21,4. Break at Hippo House
TRACKWAY3_counting-part-1.gpx,2026-04-07T11:21:40Z,"c(34.516596, -18.913086)",12.53242535651568,2,22.558365641728223,22.448596466141822,11:21,4. Break at Hippo House
TRACKWAY3_counting-part-1.gpx,2026-04-07T11:21:44Z,"c(34.516761, -18.9132)",21.492795313906516,4,19.343515782515865,17.3096399119786,11:21,4. Break at Hippo House
TRACKWAY3_counting-part-1.gpx,2026-04-07T11:21:46Z,"c(34.51681, -18.913219)",5.57057683982873,2,10.027038311691715,12.002008125834816,11:21,4. Break at Hippo House
TRACKWAY3_counting-part-1.gpx,2026-04-07T11:21:52Z,"c(34.516915, -18.913224)",11.059117138828114,6,6.635470283296868,11.788105998285795,11:21,4. Break at Hippo House
TRACKWAY3_counting-part-1.gpx,2026-04-07T11:21:53Z,"c(34.516961, -18.913241)",5.194947055519112,1,18.701809399868804,10.88434781901809,11:21,4. Break at Hippo House
TRACKWAY3_counting-part-1.gpx,2026-04-07T11:21:59Z,"c(34.517013, -18.913339)",12.192939623147664,6,7.315763773888599,9.3905497407967,11:21,4. Break at Hippo House
TRACKWAY3_counting-part-1.gpx,2026-04-07T11:22:10Z,"c(34.517056, -18.913382)",6.581899037488797,11,2.1540760486326973,3.5825896822663914,11:22,4. Break at Hippo House
TRACKWAY4_counting-part-2-and-way-back.gpx,2026-04-07T12:08:53Z,"c(34.517254, -18.913518)",1.8368082482340478,6,1.1020849489404285,1.6684084701013626,12:08,5. Return to Count Spot
TRACKWAY4_counting-part-2-and-way-back.gpx,2026-04-07T12:08:56Z,"c(34.517246, -18.913532)",1.769629766611464,3,2.1235557199337567,1.741137001951749,12:08,5. Return to Count Spot
TRACKWAY4_counting-part-2-and-way-back.gpx,2026-04-07T12:09:02Z,"c(34.517217, -18.913544)",3.329617228301769,6,1.9977703369810613,2.3593722964033486,12:09,5. Return to Count Spot
TRACKWAY4_counting-part-2-and-way-back.gpx,2026-04-07T12:09:17Z,"c(34.5171, -18.913539)",12.319961801230114,15,2.9567908322952277,2.9424234761433596,12:09,5. Return to Count Spot
TRACKWAY4_counting-part-2-and-way-back.gpx,2026-04-07T12:09:25Z,"c(34.517035, -18.913492)",8.606020575897311,8,3.87270925915379,3.712336609785526,12:09,5. Return to Count Spot
TRACKWAY4_counting-part-2-and-way-back.gpx,2026-04-07T12:09:37Z,"c(34.517053, -18.913364)",14.358365793025202,12,4.30750973790756,4.772001057378307,12:09,5. Return to Count Spot
TRACKWAY4_counting-part-2-and-way-back.gpx,2026-04-07T12:09:40Z,"c(34.517043, -18.913319)",5.113153479227975,3,6.13578417507357,7.115949560227564,12:09,5. Return to Count Spot
TRACKWAY4_counting-part-2-and-way-back.gpx,2026-04-07T12:09:42Z,"c(34.516998, -18.913285)",6.058085982056424,2,10.904554767701564,9.76610029979507,12:09,5. Return to Count Spot
TRACKWAY4_counting-part-2-and-way-back.gpx,2026-04-07T12:09:46Z,"c(34.516878, -18.913239)",13.619957729566751,4,12.257961956610076,10.515588052047951,12:09,5. Return to Count Spot
TRACKWAY4_counting-part-2-and-way-back.gpx,2026-04-07T12:09:48Z,"c(34.516835, -18.913249)",4.657915239906786,2,8.384247431832215,10.696556953116222,12:09,5. Return to Count Spot
TRACKWAY4_counting-part-2-and-way-back.gpx,2026-04-07T12:09:57Z,"c(34.516583, -18.913152)",28.618653677265936,9,11.447461470906374,10.5972342502035,12:09,5. Return to Count Spot
TRACKWAY4_counting-part-2-and-way-back.gpx,2026-04-07T12:09:59Z,"c(34.516529, -18.913121)",6.644441026595508,2,11.959993847871914,10.135150810676807,12:09,5. Return to Count Spot
TRACKWAY4_counting-part-2-and-way-back.gpx,2026-04-07T12:10:09Z,"c(34.516388, -18.913008)",19.43888087014481,10,6.997997113252132,7.457652618023577,12:10,5. Return to Count Spot
TRACKWAY4_counting-part-2-and-way-back.gpx,2026-04-07T12:10:31Z,"c(34.516266, -18.91286)",20.869242123563062,22,3.414966892946683,4.36920960525373,12:10,5. Return to Count Spot
TRACKWAY4_counting-part-2-and-way-back.gpx,2026-04-07T12:10:36Z,"c(34.516259, -18.912827)",3.742590013281078,5,2.694664809562376,2.9264828727370817,12:10,5. Return to Count Spot
TRACKWAY4_counting-part-2-and-way-back.gpx,2026-04-07T12:10:59Z,"c(34.516182, -18.912692)",17.057163628097303,23,2.6698169157021865,2.5292927609002755,12:10,5. Return to Count Spot
TRACKWAY4_counting-part-2-and-way-back.gpx,2026-04-07T12:11:11Z,"c(34.516159, -18.912629)",7.411321858120879,12,2.223396557436264,3.7911818528233745,12:11,5. Return to Count Spot
TRACKWAY4_counting-part-2-and-way-back.gpx,2026-04-07T12:11:31Z,"c(34.515975, -18.912356)",36.00184491850929,20,6.480332085331673,5.414380392855026,12:11,5. Return to Count Spot
TRACKWAY4_counting-part-2-and-way-back.gpx,2026-04-07T12:11:41Z,"c(34.515885, -18.912188)",20.942812599436508,10,7.539412535797142,9.912812410427014,12:11,5. Return to Count Spot
TRACKWAY4_counting-part-2-and-way-back.gpx,2026-04-07T12:11:57Z,"c(34.515517, -18.911665)",69.860856045121,16,15.718692610152225,16.19971243001136,12:11,5. Return to Count Spot
TRACKWAY4_counting-part-2-and-way-back.gpx,2026-04-07T12:12:01Z,"c(34.515357, -18.911462)",28.156702382316354,4,25.341032144084718,24.161088323405174,12:12,5. Return to Count Spot
TRACKWAY4_counting-part-2-and-way-back.gpx,2026-04-07T12:12:07Z,"c(34.515081, -18.91107)",52.37256702663097,6,31.42354021597858,31.69000878285851,12:12,5. Return to Count Spot
TRACKWAY4_counting-part-2-and-way-back.gpx,2026-04-07T12:12:20Z,"c(34.514296, -18.910072)",138.3252505140719,13,38.30545398851223,36.592923859878006,12:12,5. Return to Count Spot
TRACKWAY4_counting-part-2-and-way-back.gpx,2026-04-07T12:12:26Z,"c(34.513896, -18.909606)",66.749628958572,6,40.04977737514321,39.67504569441114,12:12,5. Return to Count Spot
TRACKWAY4_counting-part-2-and-way-back.gpx,2026-04-07T12:12:32Z,"c(34.513466, -18.909152)",67.78317619929662,6,40.669905719577976,40.373436844727514,12:12,5. Return to Count Spot
TRACKWAY4_counting-part-2-and-way-back.gpx,2026-04-07T12:12:39Z,"c(34.512987, -18.90861)",78.55677557673043,7,40.40062743946137,40.32744961720187,12:12,5. Return to Count Spot
TRACKWAY4_counting-part-2-and-way-back.gpx,2026-04-07T12:12:48Z,"c(34.51232, -18.907972)",99.77953923141568,9,39.91181569256627,40.344041319185266,12:12,5. Return to Count Spot
TRACKWAY4_counting-part-2-and-way-back.gpx,2026-04-07T12:12:53Z,"c(34.51195, -18.907603)",56.555112257678005,5,40.719680825528165,40.31520694001624,12:12,5. Return to Count Spot
TRACKWAY4_counting-part-2-and-way-back.gpx,2026-04-07T12:13:08Z,"c(34.510802, -18.906553)",167.97551792480948,15,40.31412430195427,40.39141857541602,12:13,5. Return to Count Spot
TRACKWAY4_counting-part-2-and-way-back.gpx,2026-04-07T12:13:20Z,"c(34.50992, -18.905686)",133.80150199588542,12,40.140450598765625,40.054955293937105,12:13,5. Return to Count Spot
TRACKWAY4_counting-part-2-and-way-back.gpx,2026-04-07T12:13:24Z,"c(34.509636, -18.905394)",44.12254553454602,4,39.71029098109142,39.94036662407054,12:13,5. Return to Count Spot
TRACKWAY4_counting-part-2-and-way-back.gpx,2026-04-07T12:13:35Z,"c(34.508883, -18.904558)",122.13165033775009,11,39.970358292354575,40.43386276815674,12:13,5. Return to Count Spot
TRACKWAY4_counting-part-2-and-way-back.gpx,2026-04-07T12:13:37Z,"c(34.508733, -18.904406)",23.122743906124576,2,41.620939031024236,40.44867048525163,12:13,5. Return to Count Spot
TRACKWAY4_counting-part-2-and-way-back.gpx,2026-04-07T12:13:38Z,"c(34.508677, -18.904322)",11.042976147882246,1,39.75471413237609,40.39251932280198,12:13,5. Return to Count Spot
TRACKWAY4_counting-part-2-and-way-back.gpx,2026-04-07T12:13:39Z,"c(34.508608, -18.904247)",11.056084668057114,1,39.80190480500561,39.99555936531969,12:13,5. Return to Count Spot
TRACKWAY4_counting-part-2-and-way-back.gpx,2026-04-07T12:13:43Z,"c(34.508314, -18.903954)",44.92228795397486,4,40.43005915857737,40.283699457109876,12:13,5. Return to Count Spot
TRACKWAY4_counting-part-2-and-way-back.gpx,2026-04-07T12:13:46Z,"c(34.508102, -18.903725)",33.8492786731222,3,40.619134407746635,40.55165586440946,12:13,5. Return to Count Spot
TRACKWAY4_counting-part-2-and-way-back.gpx,2026-04-07T12:14:16Z,"c(34.505767, -18.901632)",338.3814502242031,30,40.60577402690437,36.428691465331454,12:14,5. Return to Count Spot
TRACKWAY4_counting-part-2-and-way-back.gpx,2026-04-07T12:14:17Z,"c(34.505749, -18.901564)",7.794768322595377,1,28.06116596134336,38.626037438473844,12:14,5. Return to Count Spot
TRACKWAY4_counting-part-2-and-way-back.gpx,2026-04-07T12:14:19Z,"c(34.505593, -18.90138)",26.228429070652105,2,47.21117232717379,38.60505612664455,12:14,5. Return to Count Spot
TRACKWAY4_counting-part-2-and-way-back.gpx,2026-04-07T12:14:25Z,"c(34.505216, -18.900888)",67.57138348569417,6,40.5428300914165,42.568667928473495,12:14,5. Return to Count Spot
TRACKWAY4_counting-part-2-and-way-back.gpx,2026-04-07T12:14:28Z,"c(34.505006, -18.900664)",33.29333447235849,3,39.95200136683019,40.06742969969566,12:14,5. Return to Count Spot
TRACKWAY4_counting-part-2-and-way-back.gpx,2026-04-07T12:14:31Z,"c(34.504777, -18.90046)",33.08954803403358,3,39.70745764084029,39.65227265510499,12:14,5. Return to Count Spot
TRACKWAY4_counting-part-2-and-way-back.gpx,2026-04-07T12:14:42Z,"c(34.503899, -18.89977)",120.0752634816915,11,39.297358957644484,38.55343516901367,12:14,5. Return to Count Spot
TRACKWAY4_counting-part-2-and-way-back.gpx,2026-04-07T12:14:48Z,"c(34.50343, -18.899446)",61.092481514260385,6,36.65548890855623,37.16171499713613,12:14,5. Return to Count Spot
TRACKWAY4_counting-part-2-and-way-back.gpx,2026-04-07T12:14:52Z,"c(34.503115, -18.899253)",39.48033013911965,4,35.532297125207684,34.287430837249154,12:14,5. Return to Count Spot
TRACKWAY4_counting-part-2-and-way-back.gpx,2026-04-07T12:14:54Z,"c(34.502972, -18.899181)",17.041392487768636,2,30.674506477983545,31.030645226438594,12:14,5. Return to Count Spot
TRACKWAY4_counting-part-2-and-way-back.gpx,2026-04-07T12:14:59Z,"c(34.502647, -18.899046)",37.340461216839664,5,26.885132076124556,25.56282659557117,12:14,5. Return to Count Spot
TRACKWAY4_counting-part-2-and-way-back.gpx,2026-04-07T12:15:05Z,"c(34.502365, -18.898941)",31.881402054342356,6,19.128841232605414,19.183934743436026,12:15,5. Return to Count Spot
TRACKWAY4_counting-part-2-and-way-back.gpx,2026-04-07T12:15:14Z,"c(34.502098, -18.898882)",28.844577303945265,9,11.537830921578108,14.136261003592066,12:15,5. Return to Count Spot
TRACKWAY4_counting-part-2-and-way-back.gpx,2026-04-07T12:15:18Z,"c(34.501974, -18.89888)",13.046789840658532,4,11.742110856592678,11.865254856599458,12:15,5. Return to Count Spot
TRACKWAY4_counting-part-2-and-way-back.gpx,2026-04-07T12:15:32Z,"c(34.501533, -18.898987)",47.89486641188506,14,12.315822791627587,10.923616767818402,12:15,5. Return to Count Spot
TRACKWAY4_counting-part-2-and-way-back.gpx,2026-04-07T12:15:34Z,"c(34.501487, -18.898988)",4.8405092529083,2,8.71291665523494,11.044846592849726,12:15,5. Return to Count Spot
TRACKWAY4_counting-part-2-and-way-back.gpx,2026-04-07T12:15:37Z,"c(34.501402, -18.89903)",10.088166943072208,3,12.10580033168665,10.85678760572076,12:15,5. Return to Count Spot
TRACKWAY4_counting-part-2-and-way-back.gpx,2026-04-07T12:15:41Z,"c(34.501282, -18.89906)",13.057384255822985,4,11.751645830240687,12.392620893930234,12:15,5. Return to Count Spot
TRACKWAY4_counting-part-2-and-way-back.gpx,2026-04-07T12:15:43Z,"c(34.501225, -18.899099)",7.400231399924092,2,13.320416519863366,12.158155141576248,12:15,5. Return to Count Spot
TRACKWAY4_counting-part-2-and-way-back.gpx,2026-04-07T12:15:47Z,"c(34.501108, -18.899126)",12.66933674958299,4,11.402403074624692,11.370368907396308,12:15,5. Return to Count Spot
TRACKWAY4_counting-part-2-and-way-back.gpx,2026-04-07T12:16:06Z,"c(34.500663, -18.899272)",49.54929317397681,19,9.388287127700869,9.76063953457171,12:16,5. Return to Count Spot
TRACKWAY4_counting-part-2-and-way-back.gpx,2026-04-07T12:16:14Z,"c(34.500509, -18.899359)",18.869396447532377,8,8.49122840138957,8.39806318774681,12:16,5. Return to Count Spot
TRACKWAY4_counting-part-2-and-way-back.gpx,2026-04-07T12:16:22Z,"c(34.500365, -18.899412)",16.25483118699998,8,7.3146740341499905,7.737022237403066,12:16,5. Return to Count Spot
TRACKWAY4_counting-part-2-and-way-back.gpx,2026-04-07T12:16:40Z,"c(34.500063, -18.899583)",37.02582138334819,18,7.4051642766696375,6.362797857088097,12:16,5. Return to Count Spot
TRACKWAY4_counting-part-2-and-way-back.gpx,2026-04-07T12:16:49Z,"c(34.499966, -18.899618)",10.921388151111657,9,4.368555260444663,4.5753595963391405,12:16,5. Return to Count Spot
TRACKWAY4_counting-part-2-and-way-back.gpx,2026-04-07T12:17:21Z,"c(34.499806, -18.899656)",17.354304461361064,32,1.9523592519031197,2.804492765361537,12:17,3. Counting Survey
TRACKWAY4_counting-part-2-and-way-back.gpx,2026-04-07T12:18:01Z,"c(34.499939, -18.899489)",23.250708708186977,40,2.092563783736828,1.9726377523666179,12:18,3. Counting Survey
TRACKWAY4_counting-part-2-and-way-back.gpx,2026-04-07T12:18:13Z,"c(34.499912, -18.899539)",6.243300738199688,12,1.8729902214599061,3.053927911049386,12:18,3. Counting Survey
TRACKWAY4_counting-part-2-and-way-back.gpx,2026-04-07T12:18:19Z,"c(34.49993, -18.899615)",8.660382879919041,6,5.196229727951424,3.298905055990518,12:18,3. Counting Survey
TRACKWAY4_counting-part-2-and-way-back.gpx,2026-04-07T12:18:40Z,"c(34.500034, -18.899726)",16.49372210826797,21,2.8274952185602236,3.1057686614008793,12:18,3. Counting Survey
TRACKWAY4_counting-part-2-and-way-back.gpx,2026-04-07T12:18:52Z,"c(34.500067, -18.899749)",4.311936792303302,12,1.2935810376909906,2.026335885730395,12:18,3. Counting Survey
TRACKWAY4_counting-part-2-and-way-back.gpx,2026-04-07T12:19:05Z,"c(34.500134, -18.899754)",7.07030783672767,13,1.9579314009399704,3.2654738176305806,12:19,3. Counting Survey
TRACKWAY4_counting-part-2-and-way-back.gpx,2026-04-07T12:19:09Z,"c(34.500191, -18.899791)",7.2721211269564225,4,6.544909014260781,4.201168155622295,12:19,3. Counting Survey
TRACKWAY4_counting-part-2-and-way-back.gpx,2026-04-07T12:19:15Z,"c(34.50022, -18.899846)",6.834440086110224,6,4.100664051666134,4.315211361630041,12:19,3. Counting Survey
TRACKWAY4_counting-part-2-and-way-back.gpx,2026-04-07T12:19:30Z,"c(34.500226, -18.899932)",9.583587579013374,15,2.3000610189632096,2.424578868219354,12:19,3. Counting Survey
TRACKWAY4_counting-part-2-and-way-back.gpx,2026-04-07T12:19:51Z,"c(34.500217, -18.899977)",5.092567281834192,21,0.8730115340287187,1.3062172476285068,12:19,3. Counting Survey
TRACKWAY4_counting-part-2-and-way-back.gpx,2026-04-07T12:20:17Z,"c(34.500168, -18.899991)",5.384738593675942,26,0.745579189893592,0.8163433536845391,12:20,3. Counting Survey
TRACKWAY4_counting-part-2-and-way-back.gpx,2026-04-07T12:20:33Z,"c(34.50014, -18.899971)",3.690841498361364,16,0.8304393371313069,0.7929560229144277,12:20,3. Counting Survey
TRACKWAY4_counting-part-2-and-way-back.gpx,2026-04-07T12:21:16Z,"c(34.500095, -18.899896)",9.589591748302922,43,0.8028495417183842,0.9219253157971875,12:21,3. Counting Survey
TRACKWAY4_counting-part-2-and-way-back.gpx,2026-04-07T12:21:37Z,"c(34.500136, -18.899941)",6.60617456649425,21,1.1324870685418715,2.0476300622066224,12:21,3. Counting Survey
TRACKWAY4_counting-part-2-and-way-back.gpx,2026-04-07T12:21:44Z,"c(34.500163, -18.90001)",8.1813541762548,7,4.2075535763596115,2.608171505740092,12:21,3. Counting Survey
TRACKWAY4_counting-part-2-and-way-back.gpx,2026-04-07T12:21:54Z,"c(34.50016, -18.900072)",6.901316311996648,10,2.4844738723187936,2.4763771243731045,12:21,3. Counting Survey
TRACKWAY4_counting-part-2-and-way-back.gpx,2026-04-07T12:22:13Z,"c(34.500196, -18.900064)",3.8902707123270144,19,0.737103924440908,1.415529463127314,12:22,3. Counting Survey
TRACKWAY4_counting-part-2-and-way-back.gpx,2026-04-07T12:22:38Z,"c(34.500208, -18.900001)",7.11812911543223,25,1.025010592622241,1.014360694240212,12:22,3. Counting Survey
TRACKWAY4_counting-part-2-and-way-back.gpx,2026-04-07T12:22:48Z,"c(34.500208, -18.899969)",3.5582432379374618,10,1.2809675656574864,1.282891923326432,12:22,3. Counting Survey
TRACKWAY4_counting-part-2-and-way-back.gpx,2026-04-07T12:23:39Z,"c(34.500159, -18.899778)",21.854882832410553,51,1.5426976116995685,1.6754109332160185,12:23,3. Counting Survey
TRACKWAY4_counting-part-2-and-way-back.gpx,2026-04-07T12:23:45Z,"c(34.500158, -18.899745)",3.6709460371516673,6,2.2025676222910007,2.266075628422181,12:23,3. Counting Survey
TRACKWAY4_counting-part-2-and-way-back.gpx,2026-04-07T12:23:50Z,"c(34.500174, -18.89971)",4.240224515661074,5,3.0529616512759734,2.5959341056142877,12:23,3. Counting Survey
TRACKWAY4_counting-part-2-and-way-back.gpx,2026-04-07T12:24:00Z,"c(34.500224, -18.899668)",7.034091786877467,10,2.5322730432758886,2.2352361468456987,12:24,3. Counting Survey
TRACKWAY4_counting-part-2-and-way-back.gpx,2026-04-07T12:24:37Z,"c(34.500321, -18.89962)",11.515980167070465,37,1.1204737459852345,3.746236050508702,12:24,3. Counting Survey
TRACKWAY4_counting-part-2-and-way-back.gpx,2026-04-07T12:24:39Z,"c(34.500359, -18.899632)",4.214422979036101,2,7.585961362264982,5.519943298382017,12:24,3. Counting Survey
TRACKWAY4_counting-part-2-and-way-back.gpx,2026-04-07T12:24:41Z,"c(34.500383, -18.899664)",4.36299710383102,2,7.853394786895836,7.881851538617974,12:24,3. Counting Survey
TRACKWAY4_counting-part-2-and-way-back.gpx,2026-04-07T12:24:43Z,"c(34.500383, -18.899705)",4.558999148162837,2,8.206198466693106,8.185507061811158,12:24,3. Counting Survey
TRACKWAY4_counting-part-2-and-way-back.gpx,2026-04-07T12:24:45Z,"c(34.500361, -18.899742)",4.720515517691406,2,8.496927931844532,8.867499355234589,12:24,3. Counting Survey
TRACKWAY4_counting-part-2-and-way-back.gpx,2026-04-07T12:24:49Z,"c(34.500269, -18.899789)",10.999301852406811,4,9.89937166716613,8.439413942476131,12:24,3. Counting Survey
TRACKWAY4_counting-part-2-and-way-back.gpx,2026-04-07T12:24:55Z,"c(34.500161, -18.899807)",11.53657038069622,6,6.921942228417732,7.21595134049844,12:24,3. Counting Survey
TRACKWAY4_counting-part-2-and-way-back.gpx,2026-04-07T12:25:01Z,"c(34.500098, -18.899848)",8.04423354318576,6,4.826540125911456,4.513228866011333,12:25,3. Counting Survey
TRACKWAY4_counting-part-2-and-way-back.gpx,2026-04-07T12:25:11Z,"c(34.500051, -18.899853)",4.97556734362447,10,1.7912042437048092,2.5661939783626857,12:25,3. Counting Survey
TRACKWAY4_counting-part-2-and-way-back.gpx,2026-04-07T12:25:59Z,"c(34.499916, -18.899831)",14.411167539623886,48,1.0808375654717914,1.2950079216273784,12:25,3. Counting Survey
TRACKWAY4_counting-part-2-and-way-back.gpx,2026-04-07T12:26:29Z,"c(34.499863, -18.899774)",8.441516297546121,30,1.0129819557055344,1.0263030142812628,12:26,3. Counting Survey
TRACKWAY4_counting-part-2-and-way-back.gpx,2026-04-07T12:27:03Z,"c(34.499831, -18.899696)",9.303623260183256,34,0.9850895216664626,0.98263315164819,12:27,3. Counting Survey
TRACKWAY4_counting-part-2-and-way-back.gpx,2026-04-07T12:27:49Z,"c(34.499837, -18.899587)",12.136690824538434,46,0.949827977572573,1.0347354887918097,12:27,3. Counting Survey
TRACKWAY4_counting-part-2-and-way-back.gpx,2026-04-07T12:29:15Z,"c(34.499811, -18.899337)",27.93301421492496,86,1.1692889671363937,1.8156480923338063,12:29,3. Counting Survey
TRACKWAY4_counting-part-2-and-way-back.gpx,2026-04-07T12:29:22Z,"c(34.49985, -18.899292)",6.470775368346435,7,3.3278273322924523,3.9833637677103364,12:29,3. Counting Survey
TRACKWAY4_counting-part-2-and-way-back.gpx,2026-04-07T12:29:25Z,"c(34.499909, -18.89929)",6.210812503085136,3,7.452975003702163,7.215992987926867,12:29,3. Counting Survey
TRACKWAY4_counting-part-2-and-way-back.gpx,2026-04-07T12:29:27Z,"c(34.499951, -18.899327)",6.037320348769992,2,10.867176627785986,7.83646751659187,12:29,3. Counting Survey
TRACKWAY4_counting-part-2-and-way-back.gpx,2026-04-07T12:29:31Z,"c(34.49998, -18.899371)",5.765834353652734,4,5.189250918287461,6.695055496010278,12:29,3. Counting Survey
TRACKWAY4_counting-part-2-and-way-back.gpx,2026-04-07T12:29:41Z,"c(34.499992, -18.899471)",11.190941505437186,10,4.028738941957387,4.4632090952284935,12:29,3. Counting Survey
TRACKWAY4_counting-part-2-and-way-back.gpx,2026-04-07T12:29:51Z,"c(34.499961, -18.899571)",11.587881737335092,10,4.171637425440633,4.768573868529876,12:29,3. Counting Survey
TRACKWAY4_counting-part-2-and-way-back.gpx,2026-04-07T12:29:55Z,"c(34.49996, -18.899632)",6.783716931324008,4,6.105345238191608,5.712867989795895,12:29,3. Counting Survey
TRACKWAY4_counting-part-2-and-way-back.gpx,2026-04-07T12:29:59Z,"c(34.499986, -18.899696)",7.624023673061604,4,6.861621305755444,6.452812775389073,12:29,3. Counting Survey
TRACKWAY4_counting-part-2-and-way-back.gpx,2026-04-07T12:30:01Z,"c(34.500007, -18.899721)",3.5508176567889813,2,6.391471782220166,6.591458187276725,12:30,3. Counting Survey
TRACKWAY4_counting-part-2-and-way-back.gpx,2026-04-07T12:30:05Z,"c(34.500067, -18.899753)",7.245868304282851,4,6.521281473854566,6.516252181685809,12:30,3. Counting Survey
TRACKWAY4_counting-part-2-and-way-back.gpx,2026-04-07T12:30:11Z,"c(34.500172, -18.899748)",11.060005481637823,6,6.636003288982694,6.942799623138338,12:30,3. Counting Survey
TRACKWAY4_counting-part-2-and-way-back.gpx,2026-04-07T12:30:17Z,"c(34.50027, -18.89968)",12.78519017762959,6,7.671114106577753,7.693802988204102,12:30,3. Counting Survey
TRACKWAY4_counting-part-2-and-way-back.gpx,2026-04-07T12:30:25Z,"c(34.500387, -18.899544)",19.49842570900413,8,8.77429156905186,8.555173310369177,12:30,3. Counting Survey
TRACKWAY4_counting-part-2-and-way-back.gpx,2026-04-07T12:30:31Z,"c(34.500496, -18.899452)",15.366857092463201,6,9.220114255477922,7.9723053044573025,12:30,3. Counting Survey
TRACKWAY4_counting-part-2-and-way-back.gpx,2026-04-07T12:30:38Z,"c(34.500593, -18.899404)",11.515991839415245,7,5.922510088842126,5.779622539889927,12:30,3. Counting Survey
TRACKWAY4_counting-part-2-and-way-back.gpx,2026-04-07T12:31:07Z,"c(34.500753, -18.899355)",17.691959718095074,29,2.1962432753497336,3.2423393473358373,12:31,3. Counting Survey
TRACKWAY4_counting-part-2-and-way-back.gpx,2026-04-07T12:31:36Z,"c(34.500653, -18.899423)",12.955465460181648,29,1.6082646778156529,1.931793147376493,12:31,3. Counting Survey
TRACKWAY4_counting-part-2-and-way-back.gpx,2026-04-07T12:31:44Z,"c(34.500673, -18.899388)",4.42415886436465,8,1.9908714889640926,2.6942203236327753,12:31,3. Counting Survey
TRACKWAY4_counting-part-2-and-way-back.gpx,2026-04-07T12:31:50Z,"c(34.500744, -18.89939)",7.472541340197633,6,4.48352480411858,3.761371443385507,12:31,3. Counting Survey
TRACKWAY4_counting-part-2-and-way-back.gpx,2026-04-07T12:31:57Z,"c(34.500817, -18.899438)",9.352229516532482,7,4.809718037073848,3.7611209115339777,12:31,3. Counting Survey
TRACKWAY4_counting-part-2-and-way-back.gpx,2026-04-07T12:32:17Z,"c(34.500886, -18.899513)",11.056221630052807,20,1.9901198934095052,2.4889772961050074,12:32,3. Counting Survey
TRACKWAY4_counting-part-2-and-way-back.gpx,2026-04-07T12:32:50Z,"c(34.500897, -18.899567)",6.115027946790295,33,0.6670939578316686,1.0552582501479326,12:32,3. Counting Survey
TRACKWAY4_counting-part-2-and-way-back.gpx,2026-04-07T12:33:15Z,"c(34.500868, -18.899551)",3.5316729111293323,25,0.5085608992026239,1.2545260389239103,12:33,3. Counting Survey
TRACKWAY4_counting-part-2-and-way-back.gpx,2026-04-07T12:33:26Z,"c(34.50089, -18.899483)",7.907543293642173,11,2.587923259737438,1.5154558888208856,12:33,3. Counting Survey
TRACKWAY4_counting-part-2-and-way-back.gpx,2026-04-07T12:33:39Z,"c(34.500893, -18.899436)",5.23569044383159,13,1.4498835075225942,1.667167828740659,12:33,3. Counting Survey
TRACKWAY4_counting-part-2-and-way-back.gpx,2026-04-07T12:33:59Z,"c(34.500941, -18.899452)",5.353870660899695,20,0.963696718961945,1.1666415083352852,12:33,3. Counting Survey
TRACKWAY4_counting-part-2-and-way-back.gpx,2026-04-07T12:34:31Z,"c(34.500968, -18.899535)",9.656393764633926,32,1.0863442985213168,1.0512278174600826,12:34,3. Counting Survey
TRACKWAY4_counting-part-2-and-way-back.gpx,2026-04-07T12:34:56Z,"c(34.500947, -18.899469)",7.664183575673517,25,1.1036424348969864,1.0095718322098532,12:34,3. Counting Survey
TRACKWAY4_counting-part-2-and-way-back.gpx,2026-04-07T12:35:17Z,"c(34.500947, -18.899425)",4.892584452065661,21,0.8387287632112562,0.9747113601703301,12:35,3. Counting Survey
TRACKWAY4_counting-part-2-and-way-back.gpx,2026-04-07T12:35:27Z,"c(34.500956, -18.899448)",2.7271191177854104,10,0.9817628824027478,2.838088281156859,12:35,3. Counting Survey
TRACKWAY4_counting-part-2-and-way-back.gpx,2026-04-07T12:35:30Z,"c(34.500924, -18.899488)",5.578144331547144,3,6.693773197856573,4.834754542834443,12:35,3. Counting Survey
TRACKWAY4_counting-part-2-and-way-back.gpx,2026-04-07T12:35:32Z,"c(34.500888, -18.89949)",3.7937375268022273,2,6.828727548244009,6.880862244489993,12:35,3. Counting Survey
TRACKWAY4_counting-part-2-and-way-back.gpx,2026-04-07T12:35:34Z,"c(34.500853, -18.899477)",3.9556033263163317,2,7.120085987369397,6.6568250758553145,12:35,3. Counting Survey
TRACKWAY4_counting-part-2-and-way-back.gpx,2026-04-07T12:35:36Z,"c(34.500837, -18.899451)",3.3453676066402984,2,6.021661691952537,7.0310939037529705,12:35,3. Counting Survey
TRACKWAY4_counting-part-2-and-way-back.gpx,2026-04-07T12:35:38Z,"c(34.500829, -18.899412)",4.4175189066316545,2,7.951534031936978,7.437269476541427,12:35,3. Counting Survey
TRACKWAY4_counting-part-2-and-way-back.gpx,2026-04-07T12:35:42Z,"c(34.500857, -18.899333)",9.265125228594187,4,8.338612705734768,8.430761608682642,12:35,3. Counting Survey
TRACKWAY4_counting-part-2-and-way-back.gpx,2026-04-07T12:35:46Z,"c(34.500918, -18.899264)",10.002375653751315,4,9.002138088376183,7.861533081192913,12:35,3. Counting Survey
TRACKWAY4_counting-part-2-and-way-back.gpx,2026-04-07T12:36:07Z,"c(34.501193, -18.899065)",36.4224492885621,21,6.243848449467788,6.418230919140159,12:36,3. Counting Survey
TRACKWAY4_counting-part-2-and-way-back.gpx,2026-04-07T12:36:14Z,"c(34.501266, -18.899053)",7.7947065380654275,7,4.0087062195765055,4.173331530292261,12:36,3. Counting Survey
TRACKWAY4_counting-part-2-and-way-back.gpx,2026-04-07T12:36:31Z,"c(34.501364, -18.899079)",10.707355186431197,17,2.2674399218324885,2.271958383149423,12:36,3. Counting Survey
TRACKWAY4_counting-part-2-and-way-back.gpx,2026-04-07T12:37:03Z,"c(34.501409, -18.899072)",4.797591182571327,32,0.5397290080392743,1.168594753429307,12:37,3. Counting Survey
TRACKWAY4_counting-part-2-and-way-back.gpx,2026-04-07T12:37:27Z,"c(34.501446, -18.899049)",4.65743553610772,24,0.6986153304161581,1.086305284209108,12:37,3. Counting Survey
TRACKWAY4_counting-part-2-and-way-back.gpx,2026-04-07T12:37:33Z,"c(34.501468, -18.899071)",3.367619190286487,6,2.020571514171892,1.5724064324688192,12:37,3. Counting Survey
TRACKWAY4_counting-part-2-and-way-back.gpx,2026-04-07T12:37:49Z,"c(34.501497, -18.899146)",8.880144234748476,16,1.9980324528184072,1.7631066441913408,12:37,3. Counting Survey
TRACKWAY4_counting-part-2-and-way-back.gpx,2026-04-07T12:38:04Z,"c(34.501484, -18.8991)",5.294649856598845,15,1.2707159655837228,1.582570680744443,12:38,3. Counting Survey
TRACKWAY4_counting-part-2-and-way-back.gpx,2026-04-07T12:38:11Z,"c(34.501491, -18.899075)",2.875762601893998,7,1.4789636238311992,1.2815972247435998,12:38,3. Counting Survey
TRACKWAY4_counting-part-2-and-way-back.gpx,2026-04-07T12:38:22Z,"c(34.501521, -18.899065)",3.3461758147151808,11,1.0951120848158773,2.7751549549355325,12:38,3. Counting Survey
TRACKWAY4_counting-part-2-and-way-back.gpx,2026-04-07T12:38:29Z,"c(34.50161, -18.89912)",11.1832566925324,7,5.7513891561595205,3.6980926193805526,12:38,3. Counting Survey
TRACKWAY4_counting-part-2-and-way-back.gpx,2026-04-07T12:38:45Z,"c(34.501787, -18.899148)",18.879007187405602,16,4.24777661716626,4.1398719309792416,12:38,3. Counting Survey
TRACKWAY4_counting-part-2-and-way-back.gpx,2026-04-07T12:38:54Z,"c(34.501826, -18.899188)",6.051125049029858,9,2.4204500196119434,3.010098227566102,12:38,3. Counting Survey
TRACKWAY4_counting-part-2-and-way-back.gpx,2026-04-07T12:39:07Z,"c(34.501815, -18.899264)",8.529690165822593,13,2.362068045920103,2.104504519633729,12:39,3. Counting Survey
TRACKWAY4_counting-part-2-and-way-back.gpx,2026-04-07T12:39:28Z,"c(34.501782, -18.89919)",8.930807044653317,21,1.53099549336914,2.103964287034055,12:39,3. Counting Survey
TRACKWAY4_counting-part-2-and-way-back.gpx,2026-04-07T12:39:44Z,"c(34.501849, -18.899263)",10.750352541390766,16,2.4188293218129227,2.5066407095633063,12:39,3. Counting Survey
TRACKWAY4_counting-part-2-and-way-back.gpx,2026-04-07T12:39:50Z,"c(34.501874, -18.899311)",5.9501621891797605,6,3.5700973135078566,3.6173019244756373,12:39,3. Counting Survey
TRACKWAY4_counting-part-2-and-way-back.gpx,2026-04-07T12:39:53Z,"c(34.50188, -18.899347)",4.052482615088444,3,4.862979138106133,4.167794130375006,12:39,3. Counting Survey
TRACKWAY4_counting-part-2-and-way-back.gpx,2026-04-07T12:39:59Z,"c(34.50186, -18.899405)",6.78384323251838,6,4.070305939511028,4.341619056966193,12:39,3. Counting Survey
TRACKWAY4_counting-part-2-and-way-back.gpx,2026-04-07T12:40:05Z,"c(34.501824, -18.899456)",6.819286822135699,6,4.091572093281419,4.07627522703268,12:40,3. Counting Survey
TRACKWAY4_counting-part-2-and-way-back.gpx,2026-04-07T12:40:12Z,"c(34.501796, -18.899522)",7.907953760594204,7,4.06694764830559,3.5956037715377582,12:40,3. Counting Survey
TRACKWAY4_counting-part-2-and-way-back.gpx,2026-04-07T12:40:34Z,"c(34.501784, -18.899666)",16.06178183516051,22,2.628291573026265,2.7737180497549665,12:40,3. Counting Survey
TRACKWAY4_counting-part-2-and-way-back.gpx,2026-04-07T12:41:05Z,"c(34.5018, -18.899541)",14.000934101645656,31,1.625914927933044,1.9226012341234098,12:41,3. Counting Survey
TRACKWAY4_counting-part-2-and-way-back.gpx,2026-04-07T12:41:13Z,"c(34.501818, -18.899516)",3.363549336468711,8,1.51359720141092,1.6753292360388947,12:41,3. Counting Survey
TRACKWAY4_counting-part-2-and-way-back.gpx,2026-04-07T12:41:24Z,"c(34.501866, -18.899491)",5.764230935138866,11,1.8864755787727199,2.1222082940552998,12:41,3. Counting Survey
TRACKWAY4_counting-part-2-and-way-back.gpx,2026-04-07T12:41:38Z,"c(34.501974, -18.899473)",11.536591507708785,14,2.966552101982259,2.568672911705956,12:41,3. Counting Survey
TRACKWAY4_counting-part-2-and-way-back.gpx,2026-04-07T12:41:44Z,"c(34.502015, -18.899455)",4.754985090604815,6,2.852991054362889,2.9691941683819283,12:41,3. Counting Survey
TRACKWAY4_counting-part-2-and-way-back.gpx,2026-04-07T12:41:52Z,"c(34.501974, -18.899503)",6.8623096640014145,8,3.0880393488006366,4.634838311097474,12:41,3. Counting Survey
TRACKWAY4_counting-part-2-and-way-back.gpx,2026-04-07T12:41:56Z,"c(34.501934, -18.899573)",8.848316144587663,4,7.9634845301288975,6.697981691080848,12:41,3. Counting Survey
TRACKWAY4_counting-part-2-and-way-back.gpx,2026-04-07T12:42:08Z,"c(34.501869, -18.899837)",30.14140398104337,12,9.042421194313011,8.739013075144888,12:42,3. Counting Survey
TRACKWAY4_counting-part-2-and-way-back.gpx,2026-04-07T12:42:14Z,"c(34.501817, -18.899966)",15.351889168321254,6,9.211133500992753,9.121843161145648,12:42,3. Counting Survey
TRACKWAY4_counting-part-2-and-way-back.gpx,2026-04-07T12:42:26Z,"c(34.501658, -18.900194)",30.373249293770595,12,9.111974788131178,9.274377067162293,12:42,3. Counting Survey
TRACKWAY4_counting-part-2-and-way-back.gpx,2026-04-07T12:42:34Z,"c(34.501531, -18.900341)",21.111162027473213,8,9.500022912362946,9.058262753237374,12:42,3. Counting Survey
TRACKWAY4_counting-part-2-and-way-back.gpx,2026-04-07T12:42:38Z,"c(34.50146, -18.900394)",9.514211732464439,4,8.562790559217996,7.544547854136592,12:42,3. Counting Survey
TRACKWAY4_counting-part-2-and-way-back.gpx,2026-04-07T12:43:04Z,"c(34.501195, -18.900553)",33.01155065598602,26,4.570830090828834,6.138809022991654,12:43,3. Counting Survey
TRACKWAY4_counting-part-2-and-way-back.gpx,2026-04-07T12:43:11Z,"c(34.501119, -18.900611)",10.272123592360257,7,5.282806418928133,5.55901436320869,12:43,3. Counting Survey
TRACKWAY4_counting-part-2-and-way-back.gpx,2026-04-07T12:43:15Z,"c(34.501075, -18.900665)",7.5815628665212245,4,6.823406579869102,5.816465057935153,12:43,3. Counting Survey
TRACKWAY4_counting-part-2-and-way-back.gpx,2026-04-07T12:43:20Z,"c(34.501059, -18.90073)",7.421086354178086,5,5.343182175008222,5.528723682447217,12:43,3. Counting Survey
TRACKWAY4_counting-part-2-and-way-back.gpx,2026-04-07T12:43:23Z,"c(34.501062, -18.900763)",3.682985243720273,3,4.4195822924643275,4.655324882343456,12:43,3. Counting Survey
TRACKWAY4_counting-part-2-and-way-back.gpx,2026-04-07T12:43:26Z,"c(34.501075, -18.900792)",3.5026751496315165,3,4.20321017955782,3.9289212487460197,12:43,3. Counting Survey
TRACKWAY4_counting-part-2-and-way-back.gpx,2026-04-07T12:43:30Z,"c(34.501099, -18.900814)",3.5155236380176795,4,3.163971274215912,3.500307547031164,12:43,3. Counting Survey
TRACKWAY4_counting-part-2-and-way-back.gpx,2026-04-07T12:43:34Z,"c(34.501131, -18.900822)",3.481934652577512,4,3.1337411873197607,3.1145044596469966,12:43,3. Counting Survey
TRACKWAY4_counting-part-2-and-way-back.gpx,2026-04-07T12:43:54Z,"c(34.50129, -18.900799)",16.921116207807316,20,3.045800917405317,3.2458254866231657,12:43,3. Counting Survey
TRACKWAY4_counting-part-2-and-way-back.gpx,2026-04-07T12:44:04Z,"c(34.501382, -18.900817)",9.883150986512277,10,3.5579343551444196,3.4422554224545023,12:44,3. Counting Survey
TRACKWAY4_counting-part-2-and-way-back.gpx,2026-04-07T12:44:19Z,"c(34.501529, -18.900828)",15.51262914505738,15,3.723030994813771,2.9998739727003563,12:44,3. Counting Survey
TRACKWAY4_counting-part-2-and-way-back.gpx,2026-04-07T12:44:44Z,"c(34.501632, -18.900873)",11.935115056547767,25,1.7186565681428785,3.095180555428543,12:44,3. Counting Survey
TRACKWAY4_counting-part-2-and-way-back.gpx,2026-04-07T12:44:52Z,"c(34.501601, -18.900802)",8.541898007397732,8,3.8438541033289795,2.770261975592359,12:44,3. Counting Survey
TRACKWAY4_counting-part-2-and-way-back.gpx,2026-04-07T12:44:57Z,"c(34.501606, -18.900836)",3.8170489657016926,5,2.7482752553052188,5.560180624538416,12:44,3. Counting Survey
TRACKWAY4_counting-part-2-and-way-back.gpx,2026-04-07T12:44:59Z,"c(34.501582, -18.900881)",5.6046736194339175,2,10.088412514981052,6.165405027810715,12:44,3. Counting Survey
TRACKWAY4_counting-part-2-and-way-back.gpx,2026-04-07T12:45:02Z,"c(34.501539, -18.900893)",4.716272760954896,3,5.659527313145874,7.759112373464878,12:45,3. Counting Survey
TRACKWAY4_counting-part-2-and-way-back.gpx,2026-04-07T12:45:09Z,"c(34.501409, -18.900846)",14.640494734964985,7,7.529397292267707,5.462977662870079,12:45,3. Counting Survey
TRACKWAY4_counting-part-2-and-way-back.gpx,2026-04-07T12:45:47Z,"c(34.501091, -18.900804)",33.777866267075815,38,3.200008383196656,4.669873319532576,12:45,3. Counting Survey
TRACKWAY4_counting-part-2-and-way-back.gpx,2026-04-07T12:45:55Z,"c(34.501022, -18.90081)",7.2893650736297,8,3.280214283133365,3.342034066465649,12:45,3. Counting Survey
TRACKWAY4_counting-part-2-and-way-back.gpx,2026-04-07T12:46:16Z,"c(34.500837, -18.900873)",20.68429727622373,21,3.5458795330669255,3.6361232068938056,12:46,3. Counting Survey
TRACKWAY4_counting-part-2-and-way-back.gpx,2026-04-07T12:46:24Z,"c(34.500751, -18.900879)",9.071724009958057,8,4.082275804481126,3.865653056758313,12:46,3. Counting Survey
TRACKWAY4_counting-part-2-and-way-back.gpx,2026-04-07T12:46:55Z,"c(34.500431, -18.900826)",34.17581078181487,31,3.9688038327268877,3.953119995807526,12:46,3. Counting Survey
TRACKWAY4_counting-part-2-and-way-back.gpx,2026-04-07T12:47:02Z,"c(34.500361, -18.900833)",7.40498956986165,7,3.808280350214563,3.8989885277028336,12:47,3. Counting Survey
TRACKWAY4_counting-part-2-and-way-back.gpx,2026-04-07T12:47:14Z,"c(34.500245, -18.900875)",13.066271333890167,12,3.91988140016705,3.841758942236647,12:47,3. Counting Survey
TRACKWAY4_counting-part-2-and-way-back.gpx,2026-04-07T12:47:34Z,"c(34.500051, -18.900923)",21.095083757379598,20,3.797115076328328,3.1399771659888684,12:47,3. Counting Survey
TRACKWAY4_counting-part-2-and-way-back.gpx,2026-04-07T12:48:01Z,"c(34.499938, -18.900965)",12.772012661034202,27,1.702935021471227,2.109841361540904,12:48,3. Counting Survey
TRACKWAY4_counting-part-2-and-way-back.gpx,2026-04-07T12:48:22Z,"c(34.499983, -18.900974)",4.838598256468423,21,0.8294739868231582,1.1113930782490158,12:48,3. Counting Survey
TRACKWAY4_counting-part-2-and-way-back.gpx,2026-04-07T12:48:50Z,"c(34.499999, -18.90092)",6.23599065018737,28,0.8017702264526619,1.0037449675129508,12:48,3. Counting Survey
TRACKWAY4_counting-part-2-and-way-back.gpx,2026-04-07T12:49:06Z,"c(34.500038, -18.900961)",6.133291952280143,16,1.379990689263032,1.1273959330980463,12:49,3. Counting Survey
TRACKWAY4_counting-part-2-and-way-back.gpx,2026-04-07T12:49:24Z,"c(34.499988, -18.900935)",6.002134417892226,18,1.200426883578445,1.6296713096742121,12:49,3. Counting Survey
TRACKWAY4_counting-part-2-and-way-back.gpx,2026-04-07T12:49:44Z,"c(34.500106, -18.900906)",12.825535312117552,20,2.3085963561811593,1.664564335874772,12:49,3. Counting Survey
TRACKWAY4_counting-part-2-and-way-back.gpx,2026-04-07T12:50:03Z,"c(34.500033, -18.90092)",7.835757108174865,19,1.4846697678647112,2.6384393290824346,12:50,3. Counting Survey
TRACKWAY4_counting-part-2-and-way-back.gpx,2026-04-07T12:50:19Z,"c(34.49987, -18.900978)",18.32023050311748,16,4.122051863201433,3.178248757804216,12:50,3. Counting Survey
TRACKWAY4_counting-part-2-and-way-back.gpx,2026-04-07T12:50:23Z,"c(34.499829, -18.900972)",4.364471824829447,4,3.928024642346503,3.2986221693379805,12:50,3. Counting Survey
TRACKWAY4_counting-part-2-and-way-back.gpx,2026-04-07T12:51:20Z,"c(34.499598, -18.900826)",29.22500837237843,57,1.845790002466006,2.6739213982859598,12:51,6. Back to Lauching Spot
TRACKWAY4_counting-part-2-and-way-back.gpx,2026-04-07T12:51:58Z,"c(34.499788, -18.900941)",23.728356361590013,38,2.24794955004537,2.27580964695845,12:51,6. Back to Lauching Spot
TRACKWAY4_counting-part-2-and-way-back.gpx,2026-04-07T12:52:07Z,"c(34.499851, -18.900956)",6.834223470909936,9,2.7336893883639743,2.626677254625707,12:52,6. Back to Lauching Spot
TRACKWAY4_counting-part-2-and-way-back.gpx,2026-04-07T12:52:24Z,"c(34.49998, -18.90094)",13.686855009153392,17,2.8983928254677775,2.78604197926531,12:52,6. Back to Lauching Spot
TRACKWAY4_counting-part-2-and-way-back.gpx,2026-04-07T12:52:43Z,"c(34.500097, -18.900873)",14.387452987588718,19,2.726043723964178,2.384462640419648,12:52,6. Back to Lauching Spot
TRACKWAY4_counting-part-2-and-way-back.gpx,2026-04-07T12:52:56Z,"c(34.500132, -18.900836)",5.521213287153013,13,1.528951371826988,2.2374450165210904,12:52,6. Back to Lauching Spot
TRACKWAY4_counting-part-2-and-way-back.gpx,2026-04-07T12:53:07Z,"c(34.500073, -18.900798)",7.508538747636989,11,2.4573399537721055,2.361969071789126,12:53,6. Back to Lauching Spot
TRACKWAY4_counting-part-2-and-way-back.gpx,2026-04-07T12:53:14Z,"c(34.500061, -18.900745)",6.027030896771664,7,3.0996158897682844,2.8367715349907905,12:53,6. Back to Lauching Spot
TRACKWAY4_counting-part-2-and-way-back.gpx,2026-04-07T12:53:20Z,"c(34.500085, -18.900707)",4.922264602386635,6,2.953358761431981,2.892966004312088,12:53,6. Back to Lauching Spot
TRACKWAY4_counting-part-2-and-way-back.gpx,2026-04-07T12:53:32Z,"c(34.500166, -18.900689)",8.753077872453328,12,2.6259233617359987,2.658727022902521,12:53,6. Back to Lauching Spot
TRACKWAY4_counting-part-2-and-way-back.gpx,2026-04-07T12:53:38Z,"c(34.5002, -18.900705)",3.994831575899306,6,2.3968989455395837,2.697162680013813,12:53,6. Back to Lauching Spot
TRACKWAY4_counting-part-2-and-way-back.gpx,2026-04-07T12:53:50Z,"c(34.500248, -18.900785)",10.228885775886187,12,3.068665732765856,3.0470282870807814,12:53,6. Back to Lauching Spot
TRACKWAY4_counting-part-2-and-way-back.gpx,2026-04-07T12:53:57Z,"c(34.500302, -18.900824)",7.146844800155092,7,3.675520182936905,3.3370340553767357,12:53,6. Back to Lauching Spot
TRACKWAY4_counting-part-2-and-way-back.gpx,2026-04-07T12:54:06Z,"c(34.500378, -18.900839)",8.167290626068615,9,3.266916250427446,3.483645299680311,12:54,6. Back to Lauching Spot
TRACKWAY4_counting-part-2-and-way-back.gpx,2026-04-07T12:54:21Z,"c(34.500514, -18.900812)",14.618747773652425,15,3.5084994656765818,3.3815293025802187,12:54,6. Back to Lauching Spot
TRACKWAY4_counting-part-2-and-way-back.gpx,2026-04-07T12:54:37Z,"c(34.500652, -18.900845)",14.974098629496122,16,3.3691721916366277,3.457709834071223,12:54,6. Back to Lauching Spot
TRACKWAY4_counting-part-2-and-way-back.gpx,2026-04-07T12:54:47Z,"c(34.500744, -18.900852)",9.7096051247235,10,3.4954578449004603,3.686028329898129,12:54,6. Back to Lauching Spot
TRACKWAY4_counting-part-2-and-way-back.gpx,2026-04-07T12:54:59Z,"c(34.500874, -18.900826)",13.978183177191,12,4.1934549531573,3.863957576466207,12:54,6. Back to Lauching Spot
TRACKWAY4_counting-part-2-and-way-back.gpx,2026-04-07T12:55:07Z,"c(34.500946, -18.900788)",8.673244291868578,8,3.90295993134086,3.982893193785345,12:55,6. Back to Lauching Spot
TRACKWAY4_counting-part-2-and-way-back.gpx,2026-04-07T12:55:15Z,"c(34.501004, -18.900734)",8.560588215239722,8,3.852264696857875,3.7895852715308984,12:55,6. Back to Lauching Spot
TRACKWAY4_counting-part-2-and-way-back.gpx,2026-04-07T12:55:26Z,"c(34.501046, -18.900643)",11.04134529175932,11,3.61353118639396,3.7436779335032173,12:55,6. Back to Lauching Spot
TRACKWAY4_counting-part-2-and-way-back.gpx,2026-04-07T12:55:30Z,"c(34.50107, -18.900613)",4.183597685842019,4,3.7652379172578176,3.59404408767428,12:55,6. Back to Lauching Spot
TRACKWAY4_counting-part-2-and-way-back.gpx,2026-04-07T12:55:48Z,"c(34.501211, -18.900538)",17.016815796855315,18,3.403363159371063,2.800692011834413,12:55,6. Back to Lauching Spot
TRACKWAY4_counting-part-2-and-way-back.gpx,2026-04-07T12:56:05Z,"c(34.501254, -18.900505)",5.82474286135114,17,1.2334749588743592,1.780320036594827,12:56,6. Back to Lauching Spot
TRACKWAY4_counting-part-2-and-way-back.gpx,2026-04-07T12:56:27Z,"c(34.501231, -18.900473)",4.302967726072025,22,0.7041219915390587,1.48477040565477,12:56,6. Back to Lauching Spot
TRACKWAY4_counting-part-2-and-way-back.gpx,2026-04-07T12:56:45Z,"c(34.501166, -18.900568)",12.583571332754458,18,2.516714266550892,2.686666309456022,12:56,6. Back to Lauching Spot
TRACKWAY4_counting-part-2-and-way-back.gpx,2026-04-07T12:56:53Z,"c(34.50126, -18.90053)",10.753694822840254,8,4.839162670278115,5.48570768933593,12:56,6. Back to Lauching Spot
TRACKWAY4_counting-part-2-and-way-back.gpx,2026-04-07T12:56:59Z,"c(34.501404, -18.900537)",15.168743551964639,6,9.101246131178783,7.7449627764390145,12:56,6. Back to Lauching Spot
TRACKWAY4_counting-part-2-and-way-back.gpx,2026-04-07T12:57:04Z,"c(34.501521, -18.900502)",12.908999344250203,5,9.294479527860146,9.57892924615085,12:57,6. Back to Lauching Spot
TRACKWAY4_counting-part-2-and-way-back.gpx,2026-04-07T12:57:10Z,"c(34.501658, -18.900417)",17.235103465689363,6,10.341062079413618,9.9081949648971,12:57,6. Back to Lauching Spot
TRACKWAY4_counting-part-2-and-way-back.gpx,2026-04-07T12:57:22Z,"c(34.501905, -18.900225)",33.63014429139179,12,10.089043287417537,10.931312032811947,12:57,6. Back to Lauching Spot
TRACKWAY4_counting-part-2-and-way-back.gpx,2026-04-07T12:57:32Z,"c(34.502196, -18.900085)",34.343974254457464,10,12.363830731604686,11.702055072446173,12:57,6. Back to Lauching Spot
TRACKWAY4_counting-part-2-and-way-back.gpx,2026-04-07T12:57:37Z,"c(34.502353, -18.900031)",17.57401555321708,5,12.653291198316298,12.784708667427495,12:57,6. Back to Lauching Spot
TRACKWAY4_counting-part-2-and-way-back.gpx,2026-04-07T12:57:41Z,"c(34.50249, -18.9)",14.818893413735001,4,13.337004072361502,13.41735266553894,12:57,6. Back to Lauching Spot
TRACKWAY4_counting-part-2-and-way-back.gpx,2026-04-07T12:57:44Z,"c(34.502602, -18.899986)",11.88480227161585,3,14.261762725939022,13.494737199924064,12:57,6. Back to Lauching Spot
TRACKWAY4_counting-part-2-and-way-back.gpx,2026-04-07T12:57:49Z,"c(34.502772, -18.899992)",17.89645111315509,5,12.885444801471666,12.778727700583625,12:57,6. Back to Lauching Spot
TRACKWAY4_counting-part-2-and-way-back.gpx,2026-04-07T12:57:55Z,"c(34.502948, -18.899972)",18.648292623900314,6,11.188975574340189,11.88937456709033,12:57,6. Back to Lauching Spot
TRACKWAY4_counting-part-2-and-way-back.gpx,2026-04-07T12:57:59Z,"c(34.503054, -18.899914)",12.881892583843484,4,11.593703325459137,12.215444469924606,12:57,6. Back to Lauching Spot
TRACKWAY4_counting-part-2-and-way-back.gpx,2026-04-07T12:58:02Z,"c(34.50313, -18.899839)",11.553045424978741,3,13.86365450997449,12.277374210894202,12:58,6. Back to Lauching Spot
TRACKWAY4_counting-part-2-and-way-back.gpx,2026-04-07T12:58:06Z,"c(34.503176, -18.899734)",12.638627552498862,4,11.374764797248977,11.947298685866627,12:58,6. Back to Lauching Spot
TRACKWAY4_counting-part-2-and-way-back.gpx,2026-04-07T12:58:10Z,"c(34.503191, -18.899629)",11.78164083375157,4,10.603476750376414,11.53516267314312,12:58,6. Back to Lauching Spot
TRACKWAY4_counting-part-2-and-way-back.gpx,2026-04-07T12:58:15Z,"c(34.503155, -18.899475)",17.537842321949956,5,12.62724647180397,13.604677261297796,12:58,6. Back to Lauching Spot
TRACKWAY4_counting-part-2-and-way-back.gpx,2026-04-07T12:58:21Z,"c(34.503031, -18.899239)",29.305514269521677,6,17.583308561713004,17.034085402758734,12:58,6. Back to Lauching Spot
TRACKWAY4_counting-part-2-and-way-back.gpx,2026-04-07T12:58:24Z,"c(34.502942, -18.899107)",17.409750978966024,3,20.89170117475923,20.53685108127319,12:58,6. Back to Lauching Spot
TRACKWAY4_counting-part-2-and-way-back.gpx,2026-04-07T12:58:27Z,"c(34.502827, -18.898972)",19.279619589456118,3,23.135543507347343,22.360561774959205,12:58,6. Back to Lauching Spot
TRACKWAY4_counting-part-2-and-way-back.gpx,2026-04-07T12:58:32Z,"c(34.502605, -18.898775)",32.020056448293104,5,23.054440642771038,22.316988036926144,12:58,6. Back to Lauching Spot
TRACKWAY4_counting-part-2-and-way-back.gpx,2026-04-07T12:58:39Z,"c(34.502282, -18.898579)",40.368572145727875,7,20.76097996066005,21.366178405192738,12:58,6. Back to Lauching Spot
TRACKWAY4_counting-part-2-and-way-back.gpx,2026-04-07T12:58:50Z,"c(34.501772, -18.8983)",61.976183537116235,11,20.28311461214713,22.508798341727278,12:58,6. Back to Lauching Spot
TRACKWAY4_counting-part-2-and-way-back.gpx,2026-04-07T12:58:56Z,"c(34.501397, -18.898122)",44.13716742062443,6,26.48230045237466,24.587396644618796,12:58,6. Back to Lauching Spot
TRACKWAY4_counting-part-2-and-way-back.gpx,2026-04-07T12:59:02Z,"c(34.501024, -18.897924)",44.99462478222432,6,26.996774869334594,27.773382232594937,12:59,6. Back to Lauching Spot
TRACKWAY4_counting-part-2-and-way-back.gpx,2026-04-07T12:59:11Z,"c(34.500419, -18.897574)",74.60267844018888,9,29.841071376075554,31.232089645058434,12:59,6. Back to Lauching Spot
TRACKWAY4_counting-part-2-and-way-back.gpx,2026-04-07T12:59:29Z,"c(34.498964, -18.896651)",184.29211344882575,18,36.85842268976515,34.72792798861595,12:59,6. Back to Lauching Spot
TRACKWAY4_counting-part-2-and-way-back.gpx,2026-04-07T12:59:34Z,"c(34.498541, -18.896408)",52.06151375000992,5,37.48428990000715,37.24037033032179,12:59,6. Back to Lauching Spot
TRACKWAY4_counting-part-2-and-way-back.gpx,2026-04-07T12:59:46Z,"c(34.497551, -18.895793)",124.59466133731023,12,37.378398401193074,36.44412960672739,12:59,6. Back to Lauching Spot
TRACKWAY4_counting-part-2-and-way-back.gpx,2026-04-07T12:59:58Z,"c(34.496671, -18.895181)",114.89900172993983,12,34.469700518981945,33.666700010541504,12:59,6. Back to Lauching Spot
TRACKWAY4_counting-part-2-and-way-back.gpx,2026-04-07T13:00:08Z,"c(34.49607, -18.894726)",80.97778086513748,10,29.15200111144949,32.16938756913709,13:00,6. Back to Lauching Spot
TRACKWAY4_counting-part-2-and-way-back.gpx,2026-04-07T13:00:12Z,"c(34.495792, -18.894529)",36.540512307755385,4,32.88646107697985,31.94842078935138,13:00,6. Back to Lauching Spot
TRACKWAY4_counting-part-2-and-way-back.gpx,2026-04-07T13:00:19Z,"c(34.495275, -18.894197)",65.73544479371489,7,33.8068001796248,33.69013556204953,13:00,6. Back to Lauching Spot
TRACKWAY4_counting-part-2-and-way-back.gpx,2026-04-07T13:00:31Z,"c(34.494401, -18.893582)",114.59048476514644,12,34.37714542954394,34.020448546942035,13:00,6. Back to Lauching Spot
TRACKWAY4_counting-part-2-and-way-back.gpx,2026-04-07T13:00:37Z,"c(34.49394, -18.893322)",56.46233338609561,6,33.877400031657366,34.07029648795755,13:00,6. Back to Lauching Spot
TRACKWAY4_counting-part-2-and-way-back.gpx,2026-04-07T13:00:40Z,"c(34.493699, -18.893209)",28.296953335559444,3,33.95634400267134,33.99634932655757,13:00,6. Back to Lauching Spot
TRACKWAY4_counting-part-2-and-way-back.gpx,2026-04-07T13:00:44Z,"c(34.493385, -18.893041)",37.9503377170489,4,34.155303945344016,34.04931910848527,13:00,6. Back to Lauching Spot
TRACKWAY4_counting-part-2-and-way-back.gpx,2026-04-07T13:00:48Z,"c(34.493082, -18.892858)",37.81812153048939,4,34.03630937744045,34.18529682087795,13:00,6. Back to Lauching Spot
TRACKWAY4_counting-part-2-and-way-back.gpx,2026-04-07T13:00:55Z,"c(34.492568, -18.892505)",66.81942777192937,7,34.36427713984939,34.14438976144512,13:00,6. Back to Lauching Spot
TRACKWAY4_counting-part-2-and-way-back.gpx,2026-04-07T13:01:08Z,"c(34.491671, -18.891797)",122.89543776988656,13,34.032582767045504,34.22949040090496,13:01,6. Back to Lauching Spot
TRACKWAY4_counting-part-2-and-way-back.gpx,2026-04-07T13:01:13Z,"c(34.491334, -18.891511)",47.62723791086106,5,34.29161129581997,33.063649198980386,13:01,6. Back to Lauching Spot
TRACKWAY4_counting-part-2-and-way-back.gpx,2026-04-07T13:01:18Z,"c(34.491022, -18.891263)",42.87049101954957,5,30.86675353407569,29.514838229137414,13:01,6. Back to Lauching Spot
TRACKWAY4_counting-part-2-and-way-back.gpx,2026-04-07T13:01:22Z,"c(34.49083, -18.891116)",25.9846109527962,4,23.38614985751658,24.10372029483093,13:01,6. Back to Lauching Spot
TRACKWAY4_counting-part-2-and-way-back.gpx,2026-04-07T13:01:29Z,"c(34.490558, -18.890933)",35.11327845841766,7,18.058257492900513,19.63811259902843,13:01,6. Back to Lauching Spot
TRACKWAY4_counting-part-2-and-way-back.gpx,2026-04-07T13:01:31Z,"c(34.490491, -18.890873)",9.70551691481567,2,17.469930446668204,17.68077366301969,13:01,6. Back to Lauching Spot
TRACKWAY4_counting-part-2-and-way-back.gpx,2026-04-07T13:01:35Z,"c(34.490333, -18.890782)",19.46014783276706,4,17.514133049490354,17.282342697902322,13:01,6. Back to Lauching Spot
TRACKWAY4_counting-part-2-and-way-back.gpx,2026-04-07T13:01:41Z,"c(34.49009, -18.890677)",28.104940995914017,6,16.862964597548412,17.070329380194046,13:01,6. Back to Lauching Spot
TRACKWAY4_counting-part-2-and-way-back.gpx,2026-04-07T13:01:52Z,"c(34.489664, -18.89045)",51.436887619160295,11,16.833890493543368,16.952200227222153,13:01,6. Back to Lauching Spot
TRACKWAY4_counting-part-2-and-way-back.gpx,2026-04-07T13:02:13Z,"c(34.48887, -18.889954)",100.09851594501896,21,17.15974559057468,17.084264485395753,13:02,6. Back to Lauching Spot
TRACKWAY4_counting-part-2-and-way-back.gpx,2026-04-07T13:02:20Z,"c(34.488592, -18.889806)",33.55947266791235,7,17.25915737206921,17.516052432372742,13:02,6. Back to Lauching Spot
TRACKWAY4_counting-part-2-and-way-back.gpx,2026-04-07T13:02:28Z,"c(34.488283, -18.889592)",40.287231854387414,8,18.129254334474336,17.45717916823547,13:02,6. Back to Lauching Spot
TRACKWAY4_counting-part-2-and-way-back.gpx,2026-04-07T13:02:33Z,"c(34.488087, -18.889489)",23.587674719670638,5,16.98312579816286,17.74836053885867,13:02,6. Back to Lauching Spot
TRACKWAY4_counting-part-2-and-way-back.gpx,2026-04-07T13:02:48Z,"c(34.487496, -18.889103)",75.55292284974504,15,18.13270148393881,18.103880031817994,13:02,6. Back to Lauching Spot
TRACKWAY4_counting-part-2-and-way-back.gpx,2026-04-07T13:02:52Z,"c(34.487323, -18.889003)",21.328680903724788,4,19.19581281335231,18.0491936385033,13:02,6. Back to Lauching Spot
TRACKWAY4_counting-part-2-and-way-back.gpx,2026-04-07T13:03:04Z,"c(34.48684, -18.88879)",56.06355539406262,12,16.819066618218788,17.456649926795137,13:03,6. Back to Lauching Spot
TRACKWAY4_counting-part-2-and-way-back.gpx,2026-04-07T13:03:10Z,"c(34.486599, -18.8887)",27.2584505813572,6,16.35507034881432,17.6631133714332,13:03,6. Back to Lauching Spot
TRACKWAY4_counting-part-2-and-way-back.gpx,2026-04-07T13:03:15Z,"c(34.486372, -18.888577)",27.52111548231459,5,19.8152031472665,18.448631894074538,13:03,6. Back to Lauching Spot
TRACKWAY4_counting-part-2-and-way-back.gpx,2026-04-07T13:03:23Z,"c(34.486009, -18.888407)",42.61249374698397,8,19.17562218614279,19.678638743426827,13:03,6. Back to Lauching Spot
TRACKWAY4_counting-part-2-and-way-back.gpx,2026-04-07T13:03:35Z,"c(34.485492, -18.888058)",66.8169696562373,12,20.04509089687119,19.834599904835528,13:03,6. Back to Lauching Spot
TRACKWAY4_counting-part-2-and-way-back.gpx,2026-04-07T13:03:50Z,"c(34.484807, -18.887661)",84.5128609645525,15,20.2830866314926,19.469284224379635,13:03,6. Back to Lauching Spot
TRACKWAY4_counting-part-2-and-way-back.gpx,2026-04-07T13:03:55Z,"c(34.484593, -18.887561)",25.11065992329877,5,18.079675144775113,21.15342714903946,13:03,6. Back to Lauching Spot
TRACKWAY4_counting-part-2-and-way-back.gpx,2026-04-07T13:04:10Z,"c(34.483737, -18.887083)",104.57299862854444,15,25.097519670850666,22.203387226383935,13:04,6. Back to Lauching Spot
TRACKWAY4_counting-part-2-and-way-back.gpx,2026-04-07T13:04:16Z,"c(34.483406, -18.886924)",39.05494477254337,6,23.432966863526026,25.170377560154968,13:04,6. Back to Lauching Spot
TRACKWAY4_counting-part-2-and-way-back.gpx,2026-04-07T13:04:31Z,"c(34.482465, -18.886445)",112.41935894203421,15,26.98064614608821,26.89476900278745,13:04,6. Back to Lauching Spot
TRACKWAY4_counting-part-2-and-way-back.gpx,2026-04-07T13:04:36Z,"c(34.48214, -18.886225)",42.042630553816814,5,30.270693998748108,29.231063208281356,13:04,6. Back to Lauching Spot
TRACKWAY4_counting-part-2-and-way-back.gpx,2026-04-07T13:04:38Z,"c(34.482002, -18.886147)",16.912138600004308,2,30.441849480007754,29.972605208654276,13:04,6. Back to Lauching Spot
TRACKWAY4_counting-part-2-and-way-back.gpx,2026-04-07T13:04:40Z,"c(34.481865, -18.88608)",16.225151192892756,2,29.205272147206962,28.632128492109175,13:04,6. Back to Lauching Spot
TRACKWAY4_counting-part-2-and-way-back.gpx,2026-04-07T13:04:44Z,"c(34.481605, -18.885989)",29.16584872123645,4,26.249263849112808,27.12151648241316,13:04,6. Back to Lauching Spot
TRACKWAY4_counting-part-2-and-way-back.gpx,2026-04-07T13:04:47Z,"c(34.481418, -18.885909)",21.591677875766425,3,25.910013450919713,27.036769323864412,13:04,6. Back to Lauching Spot
TRACKWAY4_counting-part-2-and-way-back.gpx,2026-04-07T13:05:03Z,"c(34.480346, -18.885352)",128.67124742915874,16,28.951030671560716,28.728980933959406,13:05,6. Back to Lauching Spot
TRACKWAY4_counting-part-2-and-way-back.gpx,2026-04-07T13:05:06Z,"c(34.480138, -18.885224)",26.10491556616482,3,31.32589867939779,28.89030971557619,13:05,6. Back to Lauching Spot
TRACKWAY4_counting-part-2-and-way-back.gpx,2026-04-07T13:05:17Z,"c(34.479446, -18.884912)",80.64833270929742,11,26.393999795770068,26.69448013492127,13:05,6. Back to Lauching Spot
TRACKWAY4_counting-part-2-and-way-back.gpx,2026-04-07T13:05:22Z,"c(34.479172, -18.884808)",31.060474902216612,5,22.36354192959596,24.205127942146003,13:05,6. Back to Lauching Spot
TRACKWAY4_counting-part-2-and-way-back.gpx,2026-04-07T13:05:25Z,"c(34.479003, -18.884728)",19.88153508422665,3,23.85784210107198,23.752043114876276,13:05,6. Back to Lauching Spot
TRACKWAY4_counting-part-2-and-way-back.gpx,2026-04-07T13:05:35Z,"c(34.478451, -18.884384)",69.54095920544691,10,25.034745313960887,24.33999727799301,13:05,6. Back to Lauching Spot
TRACKWAY4_counting-part-2-and-way-back.gpx,2026-04-07T13:05:46Z,"c(34.477902, -18.883972)",73.72262461344661,11,24.127404418946163,24.646732495708445,13:05,6. Back to Lauching Spot
TRACKWAY4_counting-part-2-and-way-back.gpx,2026-04-07T13:05:49Z,"c(34.477738, -18.88387)",20.64837312851524,3,24.77804775421829,24.08410239219677,13:05,6. Back to Lauching Spot
TRACKWAY4_counting-part-2-and-way-back.gpx,2026-04-07T13:05:55Z,"c(34.477408, -18.883712)",38.91142500570975,6,23.34685500342585,23.862451102136944,13:05,6. Back to Lauching Spot
TRACKWAY4_counting-part-2-and-way-back.gpx,2026-04-07T13:06:01Z,"c(34.477061, -18.883586)",39.10408424794449,6,23.462450548766697,23.61009567980613,13:06,6. Back to Lauching Spot
TRACKWAY4_counting-part-2-and-way-back.gpx,2026-04-07T13:06:05Z,"c(34.476819, -18.883514)",26.689979430250936,4,24.020981487225843,23.918755852022805,13:06,6. Back to Lauching Spot
TRACKWAY4_counting-part-2-and-way-back.gpx,2026-04-07T13:06:10Z,"c(34.476508, -18.883441)",33.71227155566094,5,24.272835520075876,23.950927382857067,13:06,6. Back to Lauching Spot
TRACKWAY4_counting-part-2-and-way-back.gpx,2026-04-07T13:06:14Z,"c(34.476263, -18.8834)",26.17662793474387,4,23.558965141269482,24.148429634032663,13:06,6. Back to Lauching Spot
TRACKWAY4_counting-part-2-and-way-back.gpx,2026-04-07T13:06:22Z,"c(34.475764, -18.883262)",54.696640535005855,8,24.613488240752634,24.782297355766026,13:06,6. Back to Lauching Spot
TRACKWAY4_counting-part-2-and-way-back.gpx,2026-04-07T13:06:25Z,"c(34.475572, -18.883188)",21.81203223772997,3,26.174438685275963,25.13355344795634,13:06,6. Back to Lauching Spot
TRACKWAY4_counting-part-2-and-way-back.gpx,2026-04-07T13:06:30Z,"c(34.475261, -18.883099)",34.18435196922282,5,24.612733417840428,25.60311278203871,13:06,6. Back to Lauching Spot
TRACKWAY4_counting-part-2-and-way-back.gpx,2026-04-07T13:06:39Z,"c(34.474692, -18.88287)",65.05541560749936,9,26.02216624299974,24.755864391731112,13:06,6. Back to Lauching Spot
TRACKWAY4_counting-part-2-and-way-back.gpx,2026-04-07T13:06:44Z,"c(34.474392, -18.882789)",32.82318543660162,5,23.632693514353164,23.882953587098555,13:06,6. Back to Lauching Spot
TRACKWAY4_counting-part-2-and-way-back.gpx,2026-04-07T13:06:47Z,"c(34.474222, -18.882753)",18.328334169952303,3,21.994001003942763,22.78991400581177,13:06,6. Back to Lauching Spot
TRACKWAY4_counting-part-2-and-way-back.gpx,2026-04-07T13:06:51Z,"c(34.474001, -18.882664)",25.270052776821533,4,22.74304749913938,23.052595636024147,13:06,6. Back to Lauching Spot
TRACKWAY4_counting-part-2-and-way-back.gpx,2026-04-07T13:06:54Z,"c(34.473839, -18.882564)",20.350615337491913,3,24.420738404990296,23.81230919899634,13:06,6. Back to Lauching Spot
TRACKWAY4_counting-part-2-and-way-back.gpx,2026-04-07T13:06:58Z,"c(34.47361, -18.882455)",26.970157436510373,4,24.273141692859337,24.554093494290555,13:06,6. Back to Lauching Spot
TRACKWAY4_counting-part-2-and-way-back.gpx,2026-04-07T13:07:04Z,"c(34.473268, -18.882267)",41.614000641703385,6,24.968400385022033,24.437943726980667,13:07,6. Back to Lauching Spot
TRACKWAY4_counting-part-2-and-way-back.gpx,2026-04-07T13:07:16Z,"c(34.472586, -18.881944)",80.24096367686877,12,24.072289103060633,23.50771974935267,13:07,6. Back to Lauching Spot
TRACKWAY4_counting-part-2-and-way-back.gpx,2026-04-07T13:07:23Z,"c(34.472222, -18.881794)",41.771468977729846,7,21.48246975997535,22.432503698190708,13:07,6. Back to Lauching Spot
TRACKWAY4_counting-part-2-and-way-back.gpx,2026-04-07T13:07:25Z,"c(34.472127, -18.881733)",12.079306795297853,2,21.742752231536137,20.415400102988055,13:07,6. Back to Lauching Spot
TRACKWAY4_counting-part-2-and-way-back.gpx,2026-04-07T13:07:26Z,"c(34.47208, -18.881726)",5.005827310403523,1,18.020978317452684,20.18579022856231,13:07,6. Back to Lauching Spot
TRACKWAY4_counting-part-2-and-way-back.gpx,2026-04-07T13:07:29Z,"c(34.471928, -18.881666)",17.328033447248423,3,20.79364013669811,20.047170574358002,13:07,6. Back to Lauching Spot
TRACKWAY4_counting-part-2-and-way-back.gpx,2026-04-07T13:07:31Z,"c(34.471828, -18.881617)",11.848274038290677,2,21.326893268923218,21.89296860353112,13:07,6. Back to Lauching Spot
TRACKWAY4_counting-part-2-and-way-back.gpx,2026-04-07T13:07:35Z,"c(34.471622, -18.881485)",26.175969338857815,4,23.558372404972033,22.592191308329816,13:07,6. Back to Lauching Spot
TRACKWAY4_counting-part-2-and-way-back.gpx,2026-04-07T13:07:44Z,"c(34.471137, -18.881252)",57.22827062773549,9,22.891308251094195,22.02014183055527,13:07,6. Back to Lauching Spot
TRACKWAY4_counting-part-2-and-way-back.gpx,2026-04-07T13:07:49Z,"c(34.470895, -18.881165)",27.237145604999416,5,19.610744835599583,21.345648747399714,13:07,6. Back to Lauching Spot
TRACKWAY4_counting-part-2-and-way-back.gpx,2026-04-07T13:07:55Z,"c(34.47062, -18.880974)",35.89148859250894,6,21.534893155505365,21.64243394001022,13:07,6. Back to Lauching Spot
TRACKWAY4_counting-part-2-and-way-back.gpx,2026-04-07T13:07:57Z,"c(34.470511, -18.880915)",13.212035460514285,2,23.781663828925712,22.031560077163025,13:07,6. Back to Lauching Spot
TRACKWAY4_counting-part-2-and-way-back.gpx,2026-04-07T13:08:01Z,"c(34.4703, -18.880858)",23.08680360784222,4,20.778123247057998,22.871059860195253,13:08,6. Back to Lauching Spot
TRACKWAY4_counting-part-2-and-way-back.gpx,2026-04-07T13:08:07Z,"c(34.469954, -18.880707)",40.08898750767007,6,24.053392504602044,22.565629294544493,13:08,6. Back to Lauching Spot
TRACKWAY4_counting-part-2-and-way-back.gpx,2026-04-07T13:08:13Z,"c(34.469618, -18.880579)",38.10895355328906,6,22.865372131973437,23.637104631277143,13:08,6. Back to Lauching Spot
TRACKWAY4_counting-part-2-and-way-back.gpx,2026-04-07T13:08:18Z,"c(34.469342, -18.880432)",33.322985079522155,5,23.992549257255952,23.053012881807852,13:08,6. Back to Lauching Spot
TRACKWAY4_counting-part-2-and-way-back.gpx,2026-04-07T13:08:27Z,"c(34.468857, -18.88023)",55.75279314048542,9,22.30111725619417,23.16543735493349,13:08,6. Back to Lauching Spot
TRACKWAY4_counting-part-2-and-way-back.gpx,2026-04-07T13:08:31Z,"c(34.468638, -18.880126)",25.780717279278168,4,23.20264555135035,22.675898213959055,13:08,6. Back to Lauching Spot
TRACKWAY4_counting-part-2-and-way-back.gpx,2026-04-07T13:08:43Z,"c(34.467971, -18.879886)",75.0797727811088,12,22.52393183433264,22.868951098379803,13:08,6. Back to Lauching Spot
TRACKWAY4_counting-part-2-and-way-back.gpx,2026-04-07T13:08:51Z,"c(34.46753, -18.879699)",50.845057576569815,8,22.88027590945642,23.567443141250738,13:08,6. Back to Lauching Spot
TRACKWAY4_counting-part-2-and-way-back.gpx,2026-04-07T13:08:55Z,"c(34.467299, -18.879572)",28.109024088847953,4,25.29812167996316,23.333380861389543,13:08,6. Back to Lauching Spot
TRACKWAY4_counting-part-2-and-way-back.gpx,2026-04-07T13:08:59Z,"c(34.467083, -18.879496)",24.24638332749894,4,21.821744994749046,23.610489532194844,13:08,6. Back to Lauching Spot
TRACKWAY4_counting-part-2-and-way-back.gpx,2026-04-07T13:09:13Z,"c(34.466304, -18.879116)",92.2117852517257,14,23.711601921872322,22.447174616021893,13:09,6. Back to Lauching Spot
TRACKWAY4_counting-part-2-and-way-back.gpx,2026-04-07T13:09:17Z,"c(34.466087, -18.879043)",24.231307701604784,4,21.808176931444308,21.82127203730893,13:09,6. Back to Lauching Spot
TRACKWAY4_counting-part-2-and-way-back.gpx,2026-04-07T13:09:19Z,"c(34.465992, -18.879)",11.080020699227868,2,19.944037258610162,20.668523115728622,13:09,6. Back to Lauching Spot
TRACKWAY4_counting-part-2-and-way-back.gpx,2026-04-07T13:09:23Z,"c(34.465816, -18.878885)",22.503727952368216,4,20.253355157131395,20.36314601062204,13:09,6. Back to Lauching Spot
TRACKWAY4_counting-part-2-and-way-back.gpx,2026-04-07T13:09:27Z,"c(34.465619, -18.878791)",23.213384017916173,4,20.892045616124555,21.648428545840815,13:09,6. Back to Lauching Spot
TRACKWAY4_counting-part-2-and-way-back.gpx,2026-04-07T13:09:32Z,"c(34.465349, -18.878639)",33.05539564481458,5,23.7998848642665,22.544245288590954,13:09,6. Back to Lauching Spot
TRACKWAY4_counting-part-2-and-way-back.gpx,2026-04-07T13:09:42Z,"c(34.464804, -18.878389)",63.72445940383837,10,22.94080538538181,23.216055658057584,13:09,6. Back to Lauching Spot
TRACKWAY4_counting-part-2-and-way-back.gpx,2026-04-07T13:09:47Z,"c(34.464529, -18.87827)",31.815939895172836,5,22.907476724524443,22.86858871808212,13:09,6. Back to Lauching Spot
TRACKWAY4_counting-part-2-and-way-back.gpx,2026-04-07T13:09:53Z,"c(34.464194, -18.878144)",37.92914007390017,6,22.757484044340103,22.381643566268625,13:09,6. Back to Lauching Spot
TRACKWAY4_counting-part-2-and-way-back.gpx,2026-04-07T13:09:59Z,"c(34.463867, -18.878055)",35.799949883235556,6,21.479969929941333,21.9775130572553,13:09,6. Back to Lauching Spot
TRACKWAY4_counting-part-2-and-way-back.gpx,2026-04-07T13:10:06Z,"c(34.463502, -18.877898)",42.184887883997575,7,21.695085197484467,21.777702376909566,13:10,6. Back to Lauching Spot
TRACKWAY4_counting-part-2-and-way-back.gpx,2026-04-07T13:10:12Z,"c(34.463195, -18.877737)",36.9300866721715,6,22.1580520033029,21.979531460675425,13:10,6. Back to Lauching Spot
TRACKWAY4_counting-part-2-and-way-back.gpx,2026-04-07T13:10:16Z,"c(34.462983, -18.877645)",24.53939686804323,4,22.085457181238908,22.006442018068928,13:10,6. Back to Lauching Spot
TRACKWAY4_counting-part-2-and-way-back.gpx,2026-04-07T13:10:19Z,"c(34.462821, -18.877589)",18.146514058054144,3,21.775816869664975,22.220252904490213,13:10,6. Back to Lauching Spot
TRACKWAY4_counting-part-2-and-way-back.gpx,2026-04-07T13:10:22Z,"c(34.462662, -18.877508)",18.999570552138962,3,22.799484662566755,21.828655280779252,13:10,6. Back to Lauching Spot
TRACKWAY4_counting-part-2-and-way-back.gpx,2026-04-07T13:10:23Z,"c(34.462611, -18.877488)",5.808517863918339,1,20.91066431010602,20.982823791680364,13:10,6. Back to Lauching Spot
TRACKWAY4_counting-part-2-and-way-back.gpx,2026-04-07T13:10:27Z,"c(34.462414, -18.877441)",21.375913780409242,4,19.23832240236832,20.334393764523895,13:10,6. Back to Lauching Spot
TRACKWAY4_counting-part-2-and-way-back.gpx,2026-04-07T13:10:30Z,"c(34.462259, -18.877387)",17.378495484247786,3,20.854194581097342,20.21322194228336,13:10,6. Back to Lauching Spot
TRACKWAY4_counting-part-2-and-way-back.gpx,2026-04-07T13:10:37Z,"c(34.461919, -18.877227)",39.95278941769193,7,20.547148843384424,21.316330289438095,13:10,6. Back to Lauching Spot
TRACKWAY4_counting-part-2-and-way-back.gpx,2026-04-07T13:10:41Z,"c(34.461713, -18.877114)",25.05294160425836,4,22.547647443832524,21.501257701637257,13:10,6. Back to Lauching Spot
TRACKWAY4_counting-part-2-and-way-back.gpx,2026-04-07T13:10:46Z,"c(34.461454, -18.877007)",29.734690024576146,5,21.408976817694825,21.91764482238707,13:10,6. Back to Lauching Spot
TRACKWAY4_counting-part-2-and-way-back.gpx,2026-04-07T13:10:57Z,"c(34.460853, -18.876819)",66.5998367394368,11,21.796310205633862,21.8785643146244,13:10,6. Back to Lauching Spot
TRACKWAY4_counting-part-2-and-way-back.gpx,2026-04-07T13:11:03Z,"c(34.460529, -18.876681)",37.38400986757417,6,22.430405920544505,22.539833875696424,13:11,6. Back to Lauching Spot
TRACKWAY4_counting-part-2-and-way-back.gpx,2026-04-07T13:11:08Z,"c(34.460264, -18.876531)",32.48997986237626,5,23.392785500910907,23.119624720735406,13:11,6. Back to Lauching Spot
TRACKWAY4_counting-part-2-and-way-back.gpx,2026-04-07T13:11:14Z,"c(34.45992, -18.876395)",39.226137901251334,6,23.5356827407508,22.635234291381757,13:11,6. Back to Lauching Spot
TRACKWAY4_counting-part-2-and-way-back.gpx,2026-04-07T13:11:19Z,"c(34.459657, -18.876313)",29.135048100671614,5,20.97723463248356,21.99551710561946,13:11,6. Back to Lauching Spot
TRACKWAY4_counting-part-2-and-way-back.gpx,2026-04-07T13:11:24Z,"c(34.459398, -18.876204)",29.82449158836668,5,21.473633943624012,20.29548243152217,13:11,6. Back to Lauching Spot
TRACKWAY4_counting-part-2-and-way-back.gpx,2026-04-07T13:11:29Z,"c(34.459171, -18.876121)",25.604970442304076,5,18.435578718458935,18.75045127473449,13:11,6. Back to Lauching Spot
TRACKWAY4_counting-part-2-and-way-back.gpx,2026-04-07T13:11:35Z,"c(34.458943, -18.876005)",27.23690193686755,6,16.34214116212053,16.882961710511502,13:11,6. Back to Lauching Spot
TRACKWAY4_counting-part-2-and-way-back.gpx,2026-04-07T13:11:38Z,"c(34.458825, -18.875964)",13.22597104246253,3,15.871165250955038,17.00038338017963,13:11,6. Back to Lauching Spot
TRACKWAY4_counting-part-2-and-way-back.gpx,2026-04-07T13:11:41Z,"c(34.458693, -18.875899)",15.656536439552768,3,18.787843727463322,19.087412862942074,13:11,6. Back to Lauching Spot
TRACKWAY4_counting-part-2-and-way-back.gpx,2026-04-07T13:11:53Z,"c(34.458087, -18.875538)",75.34409870135954,12,22.603229610407862,20.029793377350817,13:11,6. Back to Lauching Spot
TRACKWAY4_counting-part-2-and-way-back.gpx,2026-04-07T13:12:00Z,"c(34.457757, -18.875441)",36.35781876646357,7,18.698306794181267,21.67846210243187,13:12,6. Back to Lauching Spot
TRACKWAY4_counting-part-2-and-way-back.gpx,2026-04-07T13:12:11Z,"c(34.457134, -18.875162)",72.52009692493645,11,23.733849902706478,22.920184824448818,13:12,6. Back to Lauching Spot
TRACKWAY4_counting-part-2-and-way-back.gpx,2026-04-07T13:12:18Z,"c(34.456701, -18.874952)",51.1941067875586,7,26.32839777645871,23.27366526987734,13:12,6. Back to Lauching Spot
TRACKWAY4_counting-part-2-and-way-back.gpx,2026-04-07T13:12:22Z,"c(34.4565, -18.874899)",21.95416458940759,4,19.75874813046683,22.241144231977348,13:12,6. Back to Lauching Spot
TRACKWAY4_counting-part-2-and-way-back.gpx,2026-04-07T13:12:26Z,"c(34.456297, -18.874824)",22.92920754334056,4,20.636286789006505,20.893076855511104,13:12,6. Back to Lauching Spot
TRACKWAY4_counting-part-2-and-way-back.gpx,2026-04-07T13:12:31Z,"c(34.456044, -18.874682)",30.95027173202775,5,22.28419564705998,21.531997716103106,13:12,6. Back to Lauching Spot
TRACKWAY4_counting-part-2-and-way-back.gpx,2026-04-07T13:12:46Z,"c(34.455263, -18.874345)",90.31462796767845,15,21.67551071224283,22.697937361344604,13:12,6. Back to Lauching Spot
TRACKWAY4_counting-part-2-and-way-back.gpx,2026-04-07T13:12:48Z,"c(34.455155, -18.874281)",13.407836513739445,2,24.134105724731,21.993498461468004,13:12,6. Back to Lauching Spot
TRACKWAY4_counting-part-2-and-way-back.gpx,2026-04-07T13:12:50Z,"c(34.455053, -18.874252)",11.206043859683437,2,20.170878947430186,22.2040697043906,13:12,6. Back to Lauching Spot
TRACKWAY4_counting-part-2-and-way-back.gpx,2026-04-07T13:12:54Z,"c(34.454843, -18.874151)",24.785804934456237,4,22.307224441010614,22.109653627464297,13:12,6. Back to Lauching Spot
TRACKWAY4_counting-part-2-and-way-back.gpx,2026-04-07T13:12:56Z,"c(34.454724, -18.874112)",13.25047638552894,2,23.85085749395209,23.33261487797759,13:12,6. Back to Lauching Spot
TRACKWAY4_counting-part-2-and-way-back.gpx,2026-04-07T13:12:59Z,"c(34.454541, -18.874068)",19.866468915808387,3,23.839762698970066,24.99546976691058,13:12,6. Back to Lauching Spot
TRACKWAY4_counting-part-2-and-way-back.gpx,2026-04-07T13:13:06Z,"c(34.454065, -18.87391)",53.07514548740753,7,27.295789107809586,26.470936409637545,13:13,6. Back to Lauching Spot
TRACKWAY4_counting-part-2-and-way-back.gpx,2026-04-07T13:13:09Z,"c(34.453849, -18.873854)",23.56438118511082,3,28.27725742213298,24.746947439869565,13:13,6. Back to Lauching Spot
TRACKWAY4_counting-part-2-and-way-back.gpx,2026-04-07T13:13:10Z,"c(34.4538, -18.873859)",5.185498830462815,1,18.667795789666133,25.58292249708943,13:13,6. Back to Lauching Spot
TRACKWAY4_counting-part-2-and-way-back.gpx,2026-04-07T13:13:11Z,"c(34.45373, -18.873825)",8.278809522074772,1,29.80371427946918,22.989074824483506,13:13,6. Back to Lauching Spot
TRACKWAY4_counting-part-2-and-way-back.gpx,2026-04-07T13:13:16Z,"c(34.453471, -18.873751)",28.466270005993344,5,20.49571440431521,21.275550036237522,13:13,6. Back to Lauching Spot
TRACKWAY4_counting-part-2-and-way-back.gpx,2026-04-07T13:13:19Z,"c(34.453381, -18.873696)",11.27268452077348,3,13.527221424928175,17.454106102240278,13:13,6. Back to Lauching Spot
TRACKWAY4_counting-part-2-and-way-back.gpx,2026-04-07T13:13:20Z,"c(34.453333, -18.87369)",5.094272910410403,1,18.339382477477454,17.40901292229513,13:13,6. Back to Lauching Spot
TRACKWAY4_counting-part-2-and-way-back.gpx,2026-04-07T13:13:24Z,"c(34.453144, -18.873593)",22.622705404977506,4,20.360434864479757,19.8638691574486,13:13,6. Back to Lauching Spot
TRACKWAY4_counting-part-2-and-way-back.gpx,2026-04-07T13:13:29Z,"c(34.452892, -18.873487)",29.01637518109527,5,20.891790130388593,20.791442280591987,13:13,6. Back to Lauching Spot
TRACKWAY4_counting-part-2-and-way-back.gpx,2026-04-07T13:13:32Z,"c(34.452731, -18.873444)",17.601751539089676,3,21.12210184690761,21.397254071063944,13:13,6. Back to Lauching Spot
TRACKWAY4_counting-part-2-and-way-back.gpx,2026-04-07T13:13:37Z,"c(34.452456, -18.873349)",30.802597549855037,5,22.17787023589563,23.07906985411597,13:13,6. Back to Lauching Spot
TRACKWAY4_counting-part-2-and-way-back.gpx,2026-04-07T13:13:51Z,"c(34.451586, -18.872968)",100.86703464267373,14,25.937237479544674,23.754530455090716,13:13,6. Back to Lauching Spot
TRACKWAY4_counting-part-2-and-way-back.gpx,2026-04-07T13:13:58Z,"c(34.451185, -18.872827)",45.010940430228594,7,23.148483649831846,24.30118095146611,13:13,6. Back to Lauching Spot
TRACKWAY4_counting-part-2-and-way-back.gpx,2026-04-07T13:14:06Z,"c(34.45073, -18.872624)",52.9284927222707,8,23.817821725021815,23.603078781721752,13:14,6. Back to Lauching Spot
TRACKWAY4_counting-part-2-and-way-back.gpx,2026-04-07T13:14:19Z,"c(34.449999, -18.872276)",86.09947294834744,13,23.8429309703116,23.906773412537962,13:14,6. Back to Lauching Spot
TRACKWAY4_counting-part-2-and-way-back.gpx,2026-04-07T13:14:24Z,"c(34.449697, -18.872183)",33.4160660309451,5,24.059567542280476,23.63761737781079,13:14,6. Back to Lauching Spot
TRACKWAY4_counting-part-2-and-way-back.gpx,2026-04-07T13:14:30Z,"c(34.449341, -18.872109)",38.350589368067155,6,23.010353620840295,23.051091288679693,13:14,6. Back to Lauching Spot
TRACKWAY4_counting-part-2-and-way-back.gpx,2026-04-07T13:14:38Z,"c(34.44888, -18.872042)",49.07411711759624,8,22.083352702918308,23.458876142098603,13:14,6. Back to Lauching Spot
TRACKWAY4_counting-part-2-and-way-back.gpx,2026-04-07T13:14:47Z,"c(34.44828, -18.872014)",63.207305256343005,9,25.282922102537203,24.06475727473857,13:14,6. Back to Lauching Spot
TRACKWAY4_counting-part-2-and-way-back.gpx,2026-04-07T13:14:50Z,"c(34.448084, -18.871999)",20.6899975156335,3,24.8279970187602,23.951294435885057,13:14,6. Back to Lauching Spot
TRACKWAY4_counting-part-2-and-way-back.gpx,2026-04-07T13:14:53Z,"c(34.447914, -18.871973)",18.11913682196481,3,21.74296418635777,22.299817249137664,13:14,6. Back to Lauching Spot
TRACKWAY4_counting-part-2-and-way-back.gpx,2026-04-07T13:14:56Z,"c(34.447753, -18.871972)",16.940408785245847,3,20.328490542295018,21.24201315075393,13:14,6. Back to Lauching Spot
TRACKWAY4_counting-part-2-and-way-back.gpx,2026-04-07T13:15:00Z,"c(34.447527, -18.871939)",24.060649692898888,4,21.654584723609,21.090865485438922,13:15,6. Back to Lauching Spot
TRACKWAY4_counting-part-2-and-way-back.gpx,2026-04-07T13:15:02Z,"c(34.447418, -18.871913)",11.827511772451524,2,21.289521190412746,21.447323797852597,13:15,6. Back to Lauching Spot
TRACKWAY4_counting-part-2-and-way-back.gpx,2026-04-07T13:15:05Z,"c(34.44726, -18.871855)",17.831554566280037,3,21.397865479536044,21.78847327556877,13:15,6. Back to Lauching Spot
TRACKWAY4_counting-part-2-and-way-back.gpx,2026-04-07T13:15:20Z,"c(34.446448, -18.871492)",94.491804819823,15,22.67803315675752,22.751411687695576,13:15,6. Back to Lauching Spot
TRACKWAY4_counting-part-2-and-way-back.gpx,2026-04-07T13:15:33Z,"c(34.445729, -18.8711)",87.31065931897528,13,24.17833642679316,23.917225192501068,13:15,6. Back to Lauching Spot
TRACKWAY4_counting-part-2-and-way-back.gpx,2026-04-07T13:15:36Z,"c(34.445548, -18.871026)",20.746088328293766,3,24.89530599395252,23.503454406064616,13:15,6. Back to Lauching Spot
TRACKWAY4_counting-part-2-and-way-back.gpx,2026-04-07T13:15:40Z,"c(34.445331, -18.870965)",23.818578663831303,4,21.436720797448174,23.169095330822934,13:15,6. Back to Lauching Spot
TRACKWAY4_counting-part-2-and-way-back.gpx,2026-04-07T13:15:55Z,"c(34.444477, -18.870647)",96.56358000445043,15,23.175259201068105,22.480321994220258,13:15,6. Back to Lauching Spot
TRACKWAY4_counting-part-2-and-way-back.gpx,2026-04-07T13:15:59Z,"c(34.444245, -18.870585)",25.365539982382774,4,22.8289859841445,23.37410438710351,13:15,6. Back to Lauching Spot
TRACKWAY4_counting-part-2-and-way-back.gpx,2026-04-07T13:16:04Z,"c(34.443947, -18.870479)",33.497316633469346,5,24.11806797609793,23.623249779855215,13:16,6. Back to Lauching Spot
TRACKWAY4_counting-part-2-and-way-back.gpx,2026-04-07T13:16:13Z,"c(34.443404, -18.87032)",59.80673844830804,9,23.922695379323216,23.812725386056947,13:16,6. Back to Lauching Spot
TRACKWAY4_counting-part-2-and-way-back.gpx,2026-04-07T13:16:22Z,"c(34.442879, -18.870147)",58.49353200687423,9,23.397412802749695,23.515415386602232,13:16,6. Back to Lauching Spot
TRACKWAY4_counting-part-2-and-way-back.gpx,2026-04-07T13:16:31Z,"c(34.442371, -18.869943)",58.06534494433447,9,23.22613797773379,24.18898070697164,13:16,6. Back to Lauching Spot
TRACKWAY4_counting-part-2-and-way-back.gpx,2026-04-07T13:16:36Z,"c(34.442068, -18.869792)",36.032487972821436,5,25.943391340431436,25.023683075423833,13:16,6. Back to Lauching Spot
TRACKWAY4_counting-part-2-and-way-back.gpx,2026-04-07T13:16:40Z,"c(34.441818, -18.869687)",28.779466564562526,4,25.901519908106273,25.959762473276577,13:16,6. Back to Lauching Spot
TRACKWAY4_counting-part-2-and-way-back.gpx,2026-04-07T13:16:55Z,"c(34.440837, -18.869387)",108.4765673803834,15,26.034376171292017,25.764468706666175,13:16,6. Back to Lauching Spot
TRACKWAY4_counting-part-2-and-way-back.gpx,2026-04-07T13:17:03Z,"c(34.440338, -18.869203)",56.350022312444956,8,25.357510040600232,25.85680602322235,13:17,6. Back to Lauching Spot
TRACKWAY4_counting-part-2-and-way-back.gpx,2026-04-07T13:17:08Z,"c(34.440008, -18.869106)",36.35907202468722,5,26.1785318577748,25.3096866965381,13:17,6. Back to Lauching Spot
TRACKWAY4_counting-part-2-and-way-back.gpx,2026-04-07T13:17:26Z,"c(34.438876, -18.86887)",121.96509095619638,18,24.393018191239275,24.04285196317895,13:17,6. Back to Lauching Spot
TRACKWAY4_counting-part-2-and-way-back.gpx,2026-04-07T13:17:29Z,"c(34.438714, -18.868819)",17.96417153376898,3,21.557005840522777,24.03079721715912,13:17,6. Back to Lauching Spot
TRACKWAY4_counting-part-2-and-way-back.gpx,2026-04-07T13:17:35Z,"c(34.438312, -18.868725)",43.570612699525505,6,26.142367619715305,24.013921156466843,13:17,6. Back to Lauching Spot
TRACKWAY4_counting-part-2-and-way-back.gpx,2026-04-07T13:17:37Z,"c(34.438184, -18.868714)",13.523550005090247,2,24.342390009162443,25.238530197365765,13:17,6. Back to Lauching Spot
TRACKWAY4_counting-part-2-and-way-back.gpx,2026-04-07T13:17:45Z,"c(34.43767, -18.868581)",56.06851769604343,8,25.230832963219544,24.078709639430993,13:17,6. Back to Lauching Spot
TRACKWAY4_counting-part-2-and-way-back.gpx,2026-04-07T13:17:46Z,"c(34.437618, -18.868553)",6.295251651641942,1,22.66290594591099,24.056276755918365,13:17,6. Back to Lauching Spot
TRACKWAY4_counting-part-2-and-way-back.gpx,2026-04-07T13:17:48Z,"c(34.437497, -18.868513)",13.486161865902536,2,24.275091358624564,23.919496395466027,13:17,6. Back to Lauching Spot
TRACKWAY4_counting-part-2-and-way-back.gpx,2026-04-07T13:17:54Z,"c(34.437114, -18.868429)",41.367486469770874,6,24.820491881862527,23.787999361974595,13:17,6. Back to Lauching Spot
TRACKWAY4_counting-part-2-and-way-back.gpx,2026-04-07T13:17:56Z,"c(34.436997, -18.868418)",12.37134158079816,2,22.26841484543669,23.02844882537908,13:17,6. Back to Lauching Spot
TRACKWAY4_counting-part-2-and-way-back.gpx,2026-04-07T13:18:00Z,"c(34.436769, -18.868376)",24.44048860982002,4,21.996439748838018,23.035569223565656,13:18,6. Back to Lauching Spot
TRACKWAY4_counting-part-2-and-way-back.gpx,2026-04-07T13:18:10Z,"c(34.436144, -18.868188)",69.00514743450626,10,24.841853076422254,23.152452249199236,13:18,6. Back to Lauching Spot
TRACKWAY4_counting-part-2-and-way-back.gpx,2026-04-07T13:18:16Z,"c(34.435791, -18.86813)",37.69843987056239,6,22.619063922337432,23.356635151200063,13:18,6. Back to Lauching Spot
TRACKWAY4_counting-part-2-and-way-back.gpx,2026-04-07T13:18:19Z,"c(34.435617, -18.86809)",18.840823712367083,3,22.6089884548405,23.12962845794069,13:18,6. Back to Lauching Spot
TRACKWAY4_counting-part-2-and-way-back.gpx,2026-04-07T13:18:22Z,"c(34.435438, -18.868026)",20.134027497203444,3,24.160832996644135,24.209471114612548,13:18,6. Back to Lauching Spot
TRACKWAY4_counting-part-2-and-way-back.gpx,2026-04-07T13:18:24Z,"c(34.435316, -18.867968)",14.36588438464056,2,25.858591892353008,24.97622764515487,13:18,6. Back to Lauching Spot
TRACKWAY4_counting-part-2-and-way-back.gpx,2026-04-07T13:18:27Z,"c(34.435164, -18.867849)",20.75771503872289,3,24.909258046467468,25.42126486534367,13:18,6. Back to Lauching Spot
TRACKWAY4_counting-part-2-and-way-back.gpx,2026-04-07T13:18:29Z,"c(34.435078, -18.867751)",14.164413698450295,2,25.49594465721053,25.46232409428512,13:18,6. Back to Lauching Spot
TRACKWAY4_counting-part-2-and-way-back.gpx,2026-04-07T13:18:33Z,"c(34.434929, -18.867533)",28.868632865752616,4,25.981769579177357,25.144960812962417,13:18,6. Back to Lauching Spot
TRACKWAY4_counting-part-2-and-way-back.gpx,2026-04-07T13:18:41Z,"c(34.43469, -18.867111)",53.238151561109696,8,23.957168202499364,24.918900305454077,13:18,6. Back to Lauching Spot
TRACKWAY4_counting-part-2-and-way-back.gpx,2026-04-07T13:18:50Z,"c(34.434519, -18.866577)",62.04440783671378,9,24.817763134685514,24.640670577412703,13:18,6. Back to Lauching Spot
TRACKWAY4_counting-part-2-and-way-back.gpx,2026-04-07T13:18:53Z,"c(34.43444, -18.866404)",20.955900329211026,3,25.14708039505323,25.33060357192982,13:18,6. Back to Lauching Spot
TRACKWAY4_counting-part-2-and-way-back.gpx,2026-04-07T13:18:55Z,"c(34.434372, -18.866291)",14.45942621447262,2,26.026967186050715,26.03906599689604,13:18,6. Back to Lauching Spot
TRACKWAY4_counting-part-2-and-way-back.gpx,2026-04-07T13:18:57Z,"c(34.43429, -18.866181)",14.96841689421343,2,26.943150409584174,26.491938339434522,13:18,6. Back to Lauching Spot
TRACKWAY4_counting-part-2-and-way-back.gpx,2026-04-07T13:19:01Z,"c(34.434095, -18.865991)",29.450774914076305,4,26.505697422668675,26.712641681253025,13:19,6. Back to Lauching Spot
TRACKWAY4_counting-part-2-and-way-back.gpx,2026-04-07T13:19:07Z,"c(34.43376, -18.865747)",44.48179535251037,6,26.689077211506223,26.239311075344265,13:19,6. Back to Lauching Spot
TRACKWAY4_counting-part-2-and-way-back.gpx,2026-04-07T13:19:12Z,"c(34.433475, -18.865577)",35.448831377580404,5,25.523158591857893,25.701930252708664,13:19,6. Back to Lauching Spot
TRACKWAY4_counting-part-2-and-way-back.gpx,2026-04-07T13:19:17Z,"c(34.433177, -18.865446)",34.57438188161371,5,24.89355495476187,24.7342468921434,13:19,6. Back to Lauching Spot
TRACKWAY4_counting-part-2-and-way-back.gpx,2026-04-07T13:19:20Z,"c(34.432995, -18.8654)",19.821689274842026,3,23.78602712981043,24.828570400311005,13:19,6. Back to Lauching Spot
TRACKWAY4_counting-part-2-and-way-back.gpx,2026-04-07T13:19:26Z,"c(34.432594, -18.865325)",43.01021519393453,6,25.806129116360715,24.944143602684758,13:19,6. Back to Lauching Spot
TRACKWAY4_counting-part-2-and-way-back.gpx,2026-04-07T13:19:29Z,"c(34.432396, -18.865299)",21.033562134902606,3,25.240274561883126,24.971358880470486,13:19,6. Back to Lauching Spot
TRACKWAY4_counting-part-2-and-way-back.gpx,2026-04-07T13:19:32Z,"c(34.432207, -18.865302)",19.88972746930635,3,23.86767296316762,24.219817630612333,13:19,6. Back to Lauching Spot
TRACKWAY4_counting-part-2-and-way-back.gpx,2026-04-07T13:19:39Z,"c(34.431775, -18.865252)",45.79459376875105,7,23.551505366786255,23.097670536741585,13:19,6. Back to Lauching Spot
TRACKWAY4_counting-part-2-and-way-back.gpx,2026-04-07T13:19:50Z,"c(34.43114, -18.865237)",66.83671280082768,11,21.87383328027088,22.871242343972796,13:19,6. Back to Lauching Spot
TRACKWAY4_counting-part-2-and-way-back.gpx,2026-04-07T13:19:57Z,"c(34.430713, -18.865203)",45.088532970563534,7,23.18838838486125,22.967495928546324,13:19,6. Back to Lauching Spot
TRACKWAY4_counting-part-2-and-way-back.gpx,2026-04-07T13:20:04Z,"c(34.430274, -18.865238)",46.356073012096644,7,23.840266120506847,24.011460982725882,13:20,6. Back to Lauching Spot
TRACKWAY4_counting-part-2-and-way-back.gpx,2026-04-07T13:20:08Z,"c(34.43001, -18.865233)",27.784142714232832,4,25.00572844280955,25.279442049865807,13:20,6. Back to Lauching Spot
TRACKWAY4_counting-part-2-and-way-back.gpx,2026-04-07T13:20:11Z,"c(34.429798, -18.865207)",22.493609655234188,3,26.992331586281026,26.16654019864289,13:20,6. Back to Lauching Spot
TRACKWAY4_counting-part-2-and-way-back.gpx,2026-04-07T13:20:16Z,"c(34.429455, -18.865142)",36.80772300949735,5,26.501560566838094,26.193337965600367,13:20,6. Back to Lauching Spot
TRACKWAY4_counting-part-2-and-way-back.gpx,2026-04-07T13:20:28Z,"c(34.428669, -18.865031)",83.62040581227326,12,25.08612174368198,25.84225950948497,13:20,6. Back to Lauching Spot
TRACKWAY4_counting-part-2-and-way-back.gpx,2026-04-07T13:20:39Z,"c(34.427941, -18.864848)",79.25834955480089,11,25.939096217934836,25.291527359180765,13:20,6. Back to Lauching Spot
TRACKWAY4_counting-part-2-and-way-back.gpx,2026-04-07T13:20:49Z,"c(34.4273, -18.864716)",69.02601143312633,10,24.84936411592548,25.141611515028384,13:20,6. Back to Lauching Spot
TRACKWAY4_counting-part-2-and-way-back.gpx,2026-04-07T13:20:56Z,"c(34.426859, -18.864609)",47.904060966270514,7,24.636374211224833,24.911470038088712,13:20,6. Back to Lauching Spot
TRACKWAY4_counting-part-2-and-way-back.gpx,2026-04-07T13:21:09Z,"c(34.426012, -18.864436)",91.17575923125159,13,25.248671787115825,25.600255412570014,13:21,6. Back to Lauching Spot
TRACKWAY4_counting-part-2-and-way-back.gpx,2026-04-07T13:21:14Z,"c(34.425661, -18.864384)",37.38294477690193,5,26.91572023936939,25.99536095806873,13:21,6. Back to Lauching Spot
TRACKWAY4_counting-part-2-and-way-back.gpx,2026-04-07T13:21:21Z,"c(34.425186, -18.864341)",50.208843315013006,7,25.821690847720973,26.697929352935272,13:21,6. Back to Lauching Spot
TRACKWAY4_counting-part-2-and-way-back.gpx,2026-04-07T13:21:23Z,"c(34.425044, -18.864316)",15.197987206508586,2,27.356376971715456,26.97534419637586,13:21,6. Back to Lauching Spot
TRACKWAY4_counting-part-2-and-way-back.gpx,2026-04-07T13:21:37Z,"c(34.424074, -18.864001)",107.90875188213228,14,27.74796476969116,27.927178633174556,13:21,6. Back to Lauching Spot
TRACKWAY4_counting-part-2-and-way-back.gpx,2026-04-07T13:21:41Z,"c(34.423801, -18.863877)",31.863549064574507,4,28.677194158117057,28.14836875215073,13:21,6. Back to Lauching Spot
TRACKWAY4_counting-part-2-and-way-back.gpx,2026-04-07T13:21:49Z,"c(34.423302, -18.863576)",62.26654961920884,8,28.019947328643976,28.938226094416617,13:21,6. Back to Lauching Spot
TRACKWAY4_counting-part-2-and-way-back.gpx,2026-04-07T13:21:52Z,"c(34.423121, -18.863429)",25.097947330407347,3,30.11753679648882,28.203872280028538,13:21,6. Back to Lauching Spot
TRACKWAY4_counting-part-2-and-way-back.gpx,2026-04-07T13:21:56Z,"c(34.422896, -18.863272)",29.41570301661424,4,26.474132714952816,27.56005487432415,13:21,6. Back to Lauching Spot
TRACKWAY4_counting-part-2-and-way-back.gpx,2026-04-07T13:22:03Z,"c(34.42249, -18.863026)",50.72762938353212,7,26.088495111530804,26.328803605572908,13:22,6. Back to Lauching Spot
TRACKWAY4_counting-part-2-and-way-back.gpx,2026-04-07T13:22:07Z,"c(34.422242, -18.862905)",29.359758878039006,4,26.423782990235107,26.20803538952991,13:22,6. Back to Lauching Spot
TRACKWAY4_counting-part-2-and-way-back.gpx,2026-04-07T13:22:11Z,"c(34.421991, -18.862797)",29.01314229647091,4,26.11182806682382,26.119481347220805,13:22,6. Back to Lauching Spot
TRACKWAY4_counting-part-2-and-way-back.gpx,2026-04-07T13:22:16Z,"c(34.421668, -18.862694)",35.865045811949294,5,25.82283298460349,25.516601835233935,13:22,6. Back to Lauching Spot
TRACKWAY4_counting-part-2-and-way-back.gpx,2026-04-07T13:22:20Z,"c(34.421431, -18.862593)",27.35016050474944,4,24.615144454274496,24.680064689423578,13:22,6. Back to Lauching Spot
TRACKWAY4_counting-part-2-and-way-back.gpx,2026-04-07T13:22:21Z,"c(34.421378, -18.862562)",6.556171285942431,1,23.60221662939275,25.41120137324172,13:22,6. Back to Lauching Spot
TRACKWAY4_counting-part-2-and-way-back.gpx,2026-04-07T13:22:24Z,"c(34.421172, -18.862484)",23.346869196714927,3,28.01624303605791,27.46643185971982,13:22,6. Back to Lauching Spot
TRACKWAY4_counting-part-2-and-way-back.gpx,2026-04-07T13:22:25Z,"c(34.421093, -18.862466)",8.550232198252443,1,30.780835913708795,27.234108581774688,13:22,6. Back to Lauching Spot
TRACKWAY4_counting-part-2-and-way-back.gpx,2026-04-07T13:22:26Z,"c(34.421046, -18.86243)",6.362568554321489,1,22.90524679555736,26.310859748972284,13:22,6. Back to Lauching Spot
TRACKWAY4_counting-part-2-and-way-back.gpx,2026-04-07T13:22:31Z,"c(34.420726, -18.862342)",35.06457852451485,5,25.246496537650692,24.823761312455947,13:22,6. Back to Lauching Spot
TRACKWAY4_counting-part-2-and-way-back.gpx,2026-04-07T13:22:35Z,"c(34.420454, -18.862288)",29.24393400462198,4,26.319540604159783,25.39892866964655,13:22,6. Back to Lauching Spot
TRACKWAY4_counting-part-2-and-way-back.gpx,2026-04-07T13:22:45Z,"c(34.419808, -18.862218)",68.4187468531366,10,24.630748867129174,25.397948526862226,13:22,6. Back to Lauching Spot
TRACKWAY4_counting-part-2-and-way-back.gpx,2026-04-07T13:22:52Z,"c(34.419342, -18.862198)",49.084692434745556,7,25.243556109297717,25.211071680126302,13:22,6. Back to Lauching Spot
TRACKWAY4_counting-part-2-and-way-back.gpx,2026-04-07T13:22:57Z,"c(34.419002, -18.862199)",35.776263977711125,5,25.758910063952012,25.61471575814126,13:22,6. Back to Lauching Spot
TRACKWAY4_counting-part-2-and-way-back.gpx,2026-04-07T13:23:03Z,"c(34.418594, -18.86223)",43.06946850195675,6,25.84168110117405,25.988278339624355,13:23,6. Back to Lauching Spot
TRACKWAY4_counting-part-2-and-way-back.gpx,2026-04-07T13:23:05Z,"c(34.418455, -18.862223)",14.646802140970557,2,26.364243853747002,26.161623196689487,13:23,6. Back to Lauching Spot
TRACKWAY4_counting-part-2-and-way-back.gpx,2026-04-07T13:23:10Z,"c(34.41811, -18.862257)",36.498534215482515,5,26.27894463514741,26.43125944723259,13:23,6. Back to Lauching Spot
TRACKWAY4_counting-part-2-and-way-back.gpx,2026-04-07T13:23:13Z,"c(34.417903, -18.862296)",22.20882487733613,3,26.650589852803357,26.573505848256705,13:23,6. Back to Lauching Spot
TRACKWAY4_counting-part-2-and-way-back.gpx,2026-04-07T13:23:19Z,"c(34.41748, -18.862328)",44.65163842803224,6,26.790983056819346,26.374763039716836,13:23,6. Back to Lauching Spot
TRACKWAY4_counting-part-2-and-way-back.gpx,2026-04-07T13:23:21Z,"c(34.417347, -18.862353)",14.268175671959893,2,25.682716209527808,25.800887844357778,13:23,6. Back to Lauching Spot
TRACKWAY4_counting-part-2-and-way-back.gpx,2026-04-07T13:23:23Z,"c(34.417222, -18.862392)",13.849424592625656,2,24.928964266726183,25.70202809025877,13:23,6. Back to Lauching Spot
TRACKWAY4_counting-part-2-and-way-back.gpx,2026-04-07T13:23:30Z,"c(34.416748, -18.862508)",51.51689626712675,7,26.494403794522327,27.087115106075423,13:23,6. Back to Lauching Spot
TRACKWAY4_counting-part-2-and-way-back.gpx,2026-04-07T13:23:31Z,"c(34.416675, -18.862536)",8.288327015827155,1,29.83797725697776,27.71639237608893,13:23,6. Back to Lauching Spot
TRACKWAY4_counting-part-2-and-way-back.gpx,2026-04-07T13:23:34Z,"c(34.416465, -18.862566)",22.34733006397225,3,26.816796076766703,27.966055690531178,13:23,6. Back to Lauching Spot
TRACKWAY4_counting-part-2-and-way-back.gpx,2026-04-07T13:23:39Z,"c(34.416116, -18.862648)",37.83804685812371,5,27.243393737849075,26.919509089221663,13:23,6. Back to Lauching Spot
TRACKWAY4_counting-part-2-and-way-back.gpx,2026-04-07T13:23:49Z,"c(34.415446, -18.862855)",74.16204848069223,10,26.698337453049206,26.864013213890335,13:23,6. Back to Lauching Spot
TRACKWAY4_counting-part-2-and-way-back.gpx,2026-04-07T13:24:02Z,"c(34.414562, -18.863077)",96.23722496112373,13,26.650308450772727,26.550172226182895,13:24,6. Back to Lauching Spot
TRACKWAY4_counting-part-2-and-way-back.gpx,2026-04-07T13:24:04Z,"c(34.414439, -18.863138)",14.612150430403751,2,26.301870774726755,35.69068194115705,13:24,6. Back to Lauching Spot
TRACKWAY4_counting-part-2-and-way-back.gpx,2026-04-07T13:24:05Z,"c(34.414301, -18.863173)",15.033296277214356,1,54.119866597971686,35.41776808366423,13:24,6. Back to Lauching Spot
TRACKWAY4_counting-part-2-and-way-back.gpx,2026-04-07T13:24:08Z,"c(34.414121, -18.863265)",21.526305731911872,3,25.831566878294247,35.8258656387215,13:24,6. Back to Lauching Spot
TRACKWAY4_counting-part-2-and-way-back.gpx,2026-04-07T13:24:12Z,"c(34.413876, -18.863413)",30.58462604433175,4,27.526163439898575,28.233830651766144,13:24,6. Back to Lauching Spot
TRACKWAY4_counting-part-2-and-way-back.gpx,2026-04-07T13:24:16Z,"c(34.413589, -18.863569)",34.82640181900623,4,31.343761637105608,30.594684051333605,13:24,6. Back to Lauching Spot
TRACKWAY4_counting-part-2-and-way-back.gpx,2026-04-07T13:24:20Z,"c(34.413275, -18.86371)",36.57125230777403,4,32.91412707699663,33.56464064857517,13:24,6. Back to Lauching Spot
TRACKWAY4_counting-part-2-and-way-back.gpx,2026-04-07T13:24:29Z,"c(34.412463, -18.863994)",91.09008307905819,9,36.43603323162328,35.08550403853831,13:24,6. Back to Lauching Spot
TRACKWAY4_counting-part-2-and-way-back.gpx,2026-04-07T13:24:32Z,"c(34.412189, -18.864066)",29.921959839162525,3,35.906351806995026,35.510834638079984,13:24,6. Back to Lauching Spot
TRACKWAY4_counting-part-2-and-way-back.gpx,2026-04-07T13:24:39Z,"c(34.411574, -18.864203)",66.48078670259763,7,34.19011887562164,34.47907772483412,13:24,6. Back to Lauching Spot
TRACKWAY4_counting-part-2-and-way-back.gpx,2026-04-07T13:24:44Z,"c(34.41114, -18.864272)",46.30661457206347,5,33.3407624918857,33.78440883281279,13:24,6. Back to Lauching Spot
TRACKWAY4_counting-part-2-and-way-back.gpx,2026-04-07T13:24:54Z,"c(34.410255, -18.864384)",93.95095869703061,10,33.82234513093102,32.17472971495015,13:24,6. Back to Lauching Spot
TRACKWAY4_counting-part-2-and-way-back.gpx,2026-04-07T13:24:59Z,"c(34.409878, -18.864469)",40.77927989171353,5,29.36108152203374,33.74731637048379,13:24,6. Back to Lauching Spot
TRACKWAY4_counting-part-2-and-way-back.gpx,2026-04-07T13:25:03Z,"c(34.409497, -18.86459)",42.287247176096216,4,38.05852245848659,35.061912794996594,13:25,6. Back to Lauching Spot
TRACKWAY4_counting-part-2-and-way-back.gpx,2026-04-07T13:25:06Z,"c(34.409218, -18.864692)",31.471778670391203,3,37.76613440446945,38.09970813455931,13:25,6. Back to Lauching Spot
TRACKWAY4_counting-part-2-and-way-back.gpx,2026-04-07T13:25:16Z,"c(34.408293, -18.865089)",106.87352094644964,10,38.474467540721875,38.27567992914525,13:25,6. Back to Lauching Spot
TRACKWAY4_counting-part-2-and-way-back.gpx,2026-04-07T13:25:19Z,"c(34.408004, -18.865183)",32.15536486853701,3,38.586437842244415,38.59591012741567,13:25,6. Back to Lauching Spot
TRACKWAY4_counting-part-2-and-way-back.gpx,2026-04-07T13:25:23Z,"c(34.407611, -18.86529)",43.02980555475635,4,38.726824999280716,38.86201018155057,13:25,6. Back to Lauching Spot
TRACKWAY4_counting-part-2-and-way-back.gpx,2026-04-07T13:25:25Z,"c(34.407408, -18.86533)",21.818204279514774,2,39.2727677031266,39.28161589054362,13:25,6. Back to Lauching Spot
TRACKWAY4_counting-part-2-and-way-back.gpx,2026-04-07T13:25:28Z,"c(34.407095, -18.865368)",33.20437914101963,3,39.845254969223554,38.79444824420225,13:25,6. Back to Lauching Spot
TRACKWAY4_counting-part-2-and-way-back.gpx,2026-04-07T13:25:35Z,"c(34.406408, -18.865413)",72.46034845049894,7,37.2653220602566,38.42922744015818,13:25,6. Back to Lauching Spot
TRACKWAY4_counting-part-2-and-way-back.gpx,2026-04-07T13:25:41Z,"c(34.40581, -18.865498)",63.62850881832395,6,38.177105290994376,38.853317444538746,13:25,6. Back to Lauching Spot
TRACKWAY4_counting-part-2-and-way-back.gpx,2026-04-07T13:26:01Z,"c(34.403642, -18.865605)",228.43069434647367,20,41.11752498236527,40.098145720871145,13:26,6. Back to Lauching Spot
TRACKWAY4_counting-part-2-and-way-back.gpx,2026-04-07T13:26:07Z,"c(34.402995, -18.865658)",68.33301148208963,6,40.99980688925378,42.79700580100332,13:26,6. Back to Lauching Spot
TRACKWAY4_counting-part-2-and-way-back.gpx,2026-04-07T13:26:16Z,"c(34.401905, -18.865794)",115.68421382847728,9,46.27368553139092,40.5923734680913,13:26,6. Back to Lauching Spot
TRACKWAY4_counting-part-2-and-way-back.gpx,2026-04-07T13:26:22Z,"c(34.401369, -18.865895)",57.506046639382006,6,34.50362798362921,40.63416764151485,13:26,6. Back to Lauching Spot
TRACKWAY4_counting-part-2-and-way-back.gpx,2026-04-07T13:26:30Z,"c(34.400525, -18.866089)",91.38930979894316,8,41.125189409524424,38.91782039802,13:26,6. Back to Lauching Spot
TRACKWAY4_counting-part-2-and-way-back.gpx,2026-04-07T13:26:34Z,"c(34.400106, -18.866197)",45.694048667673734,4,41.12464380090636,41.144171648113705,13:26,6. Back to Lauching Spot
TRACKWAY4_counting-part-2-and-way-back.gpx,2026-04-07T13:26:41Z,"c(34.39938, -18.866413)",80.07743670482563,7,41.18268173391033,41.16949634693951,13:26,6. Back to Lauching Spot
TRACKWAY4_counting-part-2-and-way-back.gpx,2026-04-07T13:26:46Z,"c(34.398875, -18.866604)",57.22383820278035,5,41.20116350600185,41.021201932582485,13:26,6. Back to Lauching Spot
TRACKWAY4_counting-part-2-and-way-back.gpx,2026-04-07T13:26:51Z,"c(34.398392, -18.866826)",56.49966744143787,5,40.67976055783527,39.88651147299957,13:26,6. Back to Lauching Spot
TRACKWAY4_counting-part-2-and-way-back.gpx,2026-04-07T13:26:58Z,"c(34.397783, -18.867149)",73.45840902392533,7,37.7786103551616,37.595311938969225,13:26,6. Back to Lauching Spot
TRACKWAY4_counting-part-2-and-way-back.gpx,2026-04-07T13:27:01Z,"c(34.397557, -18.867292)",28.60630408659234,3,34.32756490391081,35.240278491187794,13:27,6. Back to Lauching Spot
TRACKWAY4_counting-part-2-and-way-back.gpx,2026-04-07T13:27:03Z,"c(34.397416, -18.867394)",18.674811230272763,2,33.614660214490975,33.45536955815554,13:27,6. Back to Lauching Spot
TRACKWAY4_counting-part-2-and-way-back.gpx,2026-04-07T13:27:07Z,"c(34.397158, -18.867607)",36.026537284516486,4,32.42388355606484,32.23771140126321,13:27,6. Back to Lauching Spot
TRACKWAY4_counting-part-2-and-way-back.gpx,2026-04-07T13:27:15Z,"c(34.396708, -18.868048)",68.1657565182974,8,30.67459043323383,31.004657239295568,13:27,6. Back to Lauching Spot
TRACKWAY4_counting-part-2-and-way-back.gpx,2026-04-07T13:27:20Z,"c(34.396467, -18.868344)",41.54930240081672,5,29.91549772858804,30.00169258793513,13:27,6. Back to Lauching Spot
TRACKWAY4_counting-part-2-and-way-back.gpx,2026-04-07T13:27:22Z,"c(34.396382, -18.868467)",16.34166088999084,2,29.414989601983514,29.255255451392642,13:27,6. Back to Lauching Spot
TRACKWAY4_counting-part-2-and-way-back.gpx,2026-04-07T13:27:25Z,"c(34.396274, -18.868654)",23.696065853005308,3,28.43527902360637,28.41180223002964,13:27,6. Back to Lauching Spot
TRACKWAY4_counting-part-2-and-way-back.gpx,2026-04-07T13:27:28Z,"c(34.396192, -18.868844)",22.820948387082527,3,27.385138064499035,27.414908810696925,13:27,6. Back to Lauching Spot
TRACKWAY4_counting-part-2-and-way-back.gpx,2026-04-07T13:27:31Z,"c(34.396133, -18.869034)",22.02025778665448,3,26.424309343985374,27.274630580142468,13:27,6. Back to Lauching Spot
TRACKWAY4_counting-part-2-and-way-back.gpx,2026-04-07T13:27:39Z,"c(34.396017, -18.869583)",62.254320737651085,8,28.01444433194299,29.177205246224627,13:27,6. Back to Lauching Spot
TRACKWAY4_counting-part-2-and-way-back.gpx,2026-04-07T13:27:45Z,"c(34.395877, -18.870061)",55.15477010457586,6,33.09286206274552,32.23404294095378,13:27,6. Back to Lauching Spot
TRACKWAY4_counting-part-2-and-way-back.gpx,2026-04-07T13:27:51Z,"c(34.395742, -18.870579)",59.3247040469547,6,35.594822428172826,35.11888117373671,13:27,6. Back to Lauching Spot
TRACKWAY4_counting-part-2-and-way-back.gpx,2026-04-07T13:28:06Z,"c(34.395445, -18.871924)",152.78732929288248,15,36.668959030291795,36.6376328090906,13:28,6. Back to Lauching Spot
TRACKWAY4_counting-part-2-and-way-back.gpx,2026-04-07T13:28:10Z,"c(34.395402, -18.872298)",41.832352187563515,4,37.649116968807164,37.14877383086076,13:28,6. Back to Lauching Spot
TRACKWAY4_counting-part-2-and-way-back.gpx,2026-04-07T13:28:16Z,"c(34.395377, -18.872854)",61.880409155805545,6,37.12824549348333,37.22087136532424,13:28,6. Back to Lauching Spot
TRACKWAY4_counting-part-2-and-way-back.gpx,2026-04-07T13:28:30Z,"c(34.395372, -18.874144)",143.44264524209763,14,36.885251633682245,36.685255008270175,13:28,6. Back to Lauching Spot
TRACKWAY4_counting-part-2-and-way-back.gpx,2026-04-07T13:28:34Z,"c(34.395383, -18.874504)",40.046964330716605,4,36.04226789764495,35.619873326601585,13:28,6. Back to Lauching Spot
TRACKWAY4_counting-part-2-and-way-back.gpx,2026-04-07T13:28:38Z,"c(34.395376, -18.874843)",37.70233383164173,4,33.932100448477556,34.59725232754439,13:28,6. Back to Lauching Spot
TRACKWAY4_counting-part-2-and-way-back.gpx,2026-04-07T13:28:40Z,"c(34.395357, -18.875011)",18.78743813139482,2,33.81738863651067,32.105347981228704,13:28,6. Back to Lauching Spot
TRACKWAY4_counting-part-2-and-way-back.gpx,2026-04-07T13:28:43Z,"c(34.395313, -18.875221)",23.805462382248226,3,28.566554858697874,31.067896124340148,13:28,6. Back to Lauching Spot
TRACKWAY4_counting-part-2-and-way-back.gpx,2026-04-07T13:29:00Z,"c(34.394954, -18.876485)",145.53768414522284,17,30.8197448778119,31.326743423280192,13:29,6. Back to Lauching Spot
TRACKWAY4_counting-part-2-and-way-back.gpx,2026-04-07T13:29:11Z,"c(34.394667, -18.877396)",105.70367662962191,11,34.593930533330806,33.4192482121045,13:29,6. Back to Lauching Spot
TRACKWAY4_counting-part-2-and-way-back.gpx,2026-04-07T13:29:18Z,"c(34.394457, -18.877972)",67.752356826721,7,34.8440692251708,34.71638919684792,13:29,6. Back to Lauching Spot
TRACKWAY4_counting-part-2-and-way-back.gpx,2026-04-07T13:29:21Z,"c(34.394381, -18.878222)",28.925973193368463,3,34.71116783204216,34.990601577976165,13:29,6. Back to Lauching Spot
TRACKWAY4_counting-part-2-and-way-back.gpx,2026-04-07T13:29:24Z,"c(34.39433, -18.878483)",29.51380639726294,3,35.41656767671553,35.22704234173717,13:29,6. Back to Lauching Spot
TRACKWAY4_counting-part-2-and-way-back.gpx,2026-04-07T13:29:36Z,"c(34.394203, -18.879542)",118.51130505484608,12,35.55339151645382,35.359619935814166,13:29,6. Back to Lauching Spot
TRACKWAY4_counting-part-2-and-way-back.gpx,2026-04-07T13:29:53Z,"c(34.39391, -18.881007)",165.7920306785121,17,35.10890061427315,35.54519119294374,13:29,6. Back to Lauching Spot
TRACKWAY4_counting-part-2-and-way-back.gpx,2026-04-07T13:30:05Z,"c(34.393731, -18.882072)",119.91093816034747,12,35.97328144810424,35.65716356534866,13:30,6. Back to Lauching Spot
TRACKWAY4_counting-part-2-and-way-back.gpx,2026-04-07T13:30:13Z,"c(34.393586, -18.882776)",79.75401918593022,8,35.8893086336686,36.31331575242286,13:30,6. Back to Lauching Spot
TRACKWAY4_counting-part-2-and-way-back.gpx,2026-04-07T13:30:23Z,"c(34.393342, -18.883673)",102.99265882082148,10,37.077357175495735,36.75596103329567,13:30,6. Back to Lauching Spot
TRACKWAY4_counting-part-2-and-way-back.gpx,2026-04-07T13:30:35Z,"c(34.393028, -18.884751)",124.33739096907561,12,37.30121729072268,37.262589544074935,13:30,6. Back to Lauching Spot
TRACKWAY4_counting-part-2-and-way-back.gpx,2026-04-07T13:30:38Z,"c(34.392941, -18.885019)",31.174328471671995,3,37.409194166006394,37.23715490830373,13:30,6. Back to Lauching Spot
TRACKWAY4_counting-part-2-and-way-back.gpx,2026-04-07T13:30:43Z,"c(34.392821, -18.885467)",51.39035176136404,5,37.00105326818211,37.19693360388378,13:30,6. Back to Lauching Spot
TRACKWAY4_counting-part-2-and-way-back.gpx,2026-04-07T13:31:01Z,"c(34.392452, -18.887102)",185.90276688731416,18,37.180553377462836,37.19754670433409,13:31,6. Back to Lauching Spot
TRACKWAY4_counting-part-2-and-way-back.gpx,2026-04-07T13:31:15Z,"c(34.392137, -18.888376)",145.4873523730562,14,37.41103346735731,37.39753386353686,13:31,6. Back to Lauching Spot
TRACKWAY4_counting-part-2-and-way-back.gpx,2026-04-07T13:31:20Z,"c(34.391988, -18.888824)",52.223631591375586,5,37.60101474579042,37.36429793367853,13:31,6. Back to Lauching Spot
TRACKWAY4_counting-part-2-and-way-back.gpx,2026-04-07T13:31:25Z,"c(34.391791, -18.889248)",51.501174427622004,5,37.08084558788784,37.22892326503683,13:31,6. Back to Lauching Spot
TRACKWAY4_counting-part-2-and-way-back.gpx,2026-04-07T13:31:34Z,"c(34.391406, -18.889996)",92.51227365358058,9,37.004909461432234,36.859522320101824,13:31,6. Back to Lauching Spot
TRACKWAY4_counting-part-2-and-way-back.gpx,2026-04-07T13:31:42Z,"c(34.391122, -18.890674)",81.09513757996753,8,36.49281191098539,36.77027545226361,13:31,6. Back to Lauching Spot
TRACKWAY4_counting-part-2-and-way-back.gpx,2026-04-07T13:31:44Z,"c(34.391059, -18.890848)",20.451724991318454,2,36.81310498437322,36.699599054284135,13:31,6. Back to Lauching Spot
TRACKWAY4_counting-part-2-and-way-back.gpx,2026-04-07T13:31:49Z,"c(34.390926, -18.89129)",51.1012225937414,5,36.79288026749381,36.78154167274123,13:31,6. Back to Lauching Spot
TRACKWAY4_counting-part-2-and-way-back.gpx,2026-04-07T13:31:58Z,"c(34.390624, -18.892065)",91.84659941589163,9,36.738639766356656,36.962992313001244,13:31,6. Back to Lauching Spot
TRACKWAY4_counting-part-2-and-way-back.gpx,2026-04-07T13:32:04Z,"c(34.39043, -18.892594)",62.26242817525544,6,37.35745690515326,37.21422616432905,13:32,6. Back to Lauching Spot
TRACKWAY4_counting-part-2-and-way-back.gpx,2026-04-07T13:32:19Z,"c(34.389967, -18.893931)",156.44409092282177,15,37.546581821477226,37.82825314738135,13:32,6. Back to Lauching Spot
TRACKWAY4_counting-part-2-and-way-back.gpx,2026-04-07T13:32:22Z,"c(34.389883, -18.894209)",32.150600596261306,3,38.58072071551357,37.695302847775714,13:32,6. Back to Lauching Spot
TRACKWAY4_counting-part-2-and-way-back.gpx,2026-04-07T13:32:37Z,"c(34.389367, -18.895505)",153.99419169306813,15,36.95860600633635,37.34708311225744,13:32,6. Back to Lauching Spot
TRACKWAY4_counting-part-2-and-way-back.gpx,2026-04-07T13:32:46Z,"c(34.389032, -18.896262)",91.25480653730597,9,36.501922614922385,36.827637319531824,13:32,6. Back to Lauching Spot
TRACKWAY4_counting-part-2-and-way-back.gpx,2026-04-07T13:32:57Z,"c(34.388589, -18.897189)",113.12394908630668,11,37.022383337336734,37.033249582358266,13:32,6. Back to Lauching Spot
TRACKWAY4_counting-part-2-and-way-back.gpx,2026-04-07T13:33:03Z,"c(34.388315, -18.897689)",62.62573799135945,6,37.57544279481567,37.36782910135704,13:33,6. Back to Lauching Spot
TRACKWAY4_counting-part-2-and-way-back.gpx,2026-04-07T13:33:05Z,"c(34.388234, -18.89786)",20.83647842884373,2,37.50566117191872,37.57341489958917,13:33,6. Back to Lauching Spot
TRACKWAY4_counting-part-2-and-way-back.gpx,2026-04-07T13:33:19Z,"c(34.387779, -18.899104)",146.37443618012873,14,37.639140732033106,36.81263022202672,13:33,6. Back to Lauching Spot
TRACKWAY4_counting-part-2-and-way-back.gpx,2026-04-07T13:33:40Z,"c(34.387291, -18.900897)",205.8763511124153,21,35.293088762128335,33.78468225614047,13:33,6. Back to Lauching Spot
TRACKWAY4_counting-part-2-and-way-back.gpx,2026-04-07T13:33:43Z,"c(34.387208, -18.901095)",23.684847728549972,3,28.421817274259965,31.09596174153672,13:33,6. Back to Lauching Spot
TRACKWAY4_counting-part-2-and-way-back.gpx,2026-04-07T13:33:46Z,"c(34.387079, -18.90128)",24.644149323518217,3,29.572979188221858,29.16437492679419,13:33,6. Back to Lauching Spot
TRACKWAY4_counting-part-2-and-way-back.gpx,2026-04-07T13:33:47Z,"c(34.387026, -18.901334)",8.19398008830576,1,29.49832831790074,30.096689724902788,13:33,6. Back to Lauching Spot
TRACKWAY4_counting-part-2-and-way-back.gpx,2026-04-07T13:33:50Z,"c(34.386838, -18.901486)",26.015634723821474,3,31.21876166858577,30.77508795277388,13:33,6. Back to Lauching Spot
TRACKWAY4_counting-part-2-and-way-back.gpx,2026-04-07T13:33:52Z,"c(34.386698, -18.901572)",17.560096595463964,2,31.608173871835135,30.330642796679257,13:33,6. Back to Lauching Spot
TRACKWAY4_counting-part-2-and-way-back.gpx,2026-04-07T13:33:54Z,"c(34.386565, -18.901635)",15.647218249787148,2,28.164992849616866,28.520451611191405,13:33,6. Back to Lauching Spot
TRACKWAY4_counting-part-2-and-way-back.gpx,2026-04-07T13:33:56Z,"c(34.386437, -18.901679)",14.326771173401227,2,25.78818811212221,26.37571836787545,13:33,6. Back to Lauching Spot
TRACKWAY4_counting-part-2-and-way-back.gpx,2026-04-07T13:34:05Z,"c(34.385859, -18.901825)",62.9349353547182,9,25.173974141887278,27.787900806420055,13:34,6. Back to Lauching Spot
TRACKWAY4_counting-part-2-and-way-back.gpx,2026-04-07T13:34:14Z,"c(34.38511, -18.901994)",81.00385041312668,9,32.40154016525068,31.011648219197898,13:34,6. Back to Lauching Spot
TRACKWAY4_counting-part-2-and-way-back.gpx,2026-04-07T13:34:21Z,"c(34.38448, -18.902165)",68.94889234810837,7,35.45943035045573,34.897536763088276,13:34,6. Back to Lauching Spot
TRACKWAY4_counting-part-2-and-way-back.gpx,2026-04-07T13:34:33Z,"c(34.38335, -18.902441)",122.77213257852803,12,36.831639773558415,35.49125170110728,13:34,6. Back to Lauching Spot
TRACKWAY4_counting-part-2-and-way-back.gpx,2026-04-07T13:34:47Z,"c(34.38212, -18.902715)",132.93266380841877,14,34.18268497930769,31.116846981644382,13:34,6. Back to Lauching Spot
TRACKWAY4_counting-part-2-and-way-back.gpx,2026-04-07T13:34:55Z,"c(34.381656, -18.902796)",49.63603598237122,8,22.33621619206705,24.52022393494893,13:34,6. Back to Lauching Spot
TRACKWAY4_counting-part-2-and-way-back.gpx,2026-04-07T13:35:00Z,"c(34.381432, -18.902816)",23.6691258798223,5,17.04177063347206,18.98618748196773,13:35,6. Back to Lauching Spot
TRACKWAY4_counting-part-2-and-way-back.gpx,2026-04-07T13:35:01Z,"c(34.381388, -18.902802)",4.883493227878911,1,17.58057562036408,16.81830966621501,13:35,6. Back to Lauching Spot
TRACKWAY4_counting-part-2-and-way-back.gpx,2026-04-07T13:35:03Z,"c(34.381308, -18.902825)",8.795879302671606,2,15.832582744808892,16.457907803120886,13:35,6. Back to Lauching Spot
TRACKWAY4_counting-part-2-and-way-back.gpx,2026-04-07T13:35:09Z,"c(34.381057, -18.902854)",26.60094174031614,6,15.960565044189686,16.223636655029825,13:35,6. Back to Lauching Spot
TRACKWAY4_counting-part-2-and-way-back.gpx,2026-04-07T13:35:21Z,"c(34.380535, -18.902964)",56.25920725363632,12,16.877762176090897,17.042718488421237,13:35,6. Back to Lauching Spot
TRACKWAY4_counting-part-2-and-way-back.gpx,2026-04-07T13:35:30Z,"c(34.380105, -18.903024)",45.7245706124578,9,18.289828244983124,17.926377633449523,13:35,6. Back to Lauching Spot
TRACKWAY4_counting-part-2-and-way-back.gpx,2026-04-07T13:35:36Z,"c(34.379818, -18.903088)",31.01923746545758,6,18.611542479274547,18.739893647658057,13:35,6. Back to Lauching Spot
TRACKWAY4_counting-part-2-and-way-back.gpx,2026-04-07T13:35:39Z,"c(34.379674, -18.903137)",16.098591848930415,3,19.318310218716498,19.26225277475205,13:35,6. Back to Lauching Spot
TRACKWAY4_counting-part-2-and-way-back.gpx,2026-04-07T13:35:49Z,"c(34.379168, -18.903267)",55.15807118406974,10,19.856905626265107,18.98814542484025,13:35,6. Back to Lauching Spot
TRACKWAY4_counting-part-2-and-way-back.gpx,2026-04-07T13:35:54Z,"c(34.378951, -18.903352)",24.707250596582156,5,17.789220429539153,18.10476292696039,13:35,6. Back to Lauching Spot
TRACKWAY4_counting-part-2-and-way-back.gpx,2026-04-07T13:35:55Z,"c(34.378907, -18.903353)",4.630045201410254,1,16.668162725076915,14.41588148797266,13:35,6. Back to Lauching Spot
TRACKWAY4_counting-part-2-and-way-back.gpx,2026-04-07T13:36:00Z,"c(34.378797, -18.903388)",12.208696262919325,5,8.790261309301915,12.018508861966623,13:36,6. Back to Lauching Spot
TRACKWAY4_counting-part-2-and-way-back.gpx,2026-04-07T13:36:06Z,"c(34.378633, -18.903422)",17.6618375858684,6,10.59710255152104,10.542350833133924,13:36,6. Back to Lauching Spot
TRACKWAY4_counting-part-2-and-way-back.gpx,2026-04-07T13:36:10Z,"c(34.378504, -18.90343)",13.599654042865348,4,12.239688638578814,11.138624235400604,13:36,6. Back to Lauching Spot
TRACKWAY4_counting-part-2-and-way-back.gpx,2026-04-07T13:36:20Z,"c(34.378231, -18.903486)",29.386337544727652,10,10.579081516101956,10.748355058194987,13:36,6. Back to Lauching Spot
TRACKWAY4_counting-part-2-and-way-back.gpx,2026-04-07T13:36:34Z,"c(34.377897, -18.90358)",36.65781396629407,14,9.42629501990419,9.1633768230978,13:36,6. Back to Lauching Spot
TRACKWAY4_counting-part-2-and-way-back.gpx,2026-04-07T13:36:55Z,"c(34.377505, -18.903709)",43.661064610842296,21,7.484753933287251,7.126722359907113,13:36,6. Back to Lauching Spot
TRACKWAY4_counting-part-2-and-way-back.gpx,2026-04-07T13:37:10Z,"c(34.377328, -18.903707)",18.621325527207915,15,4.469118126529899,5.39976150300216,13:37,6. Back to Lauching Spot
TRACKWAY4_counting-part-2-and-way-back.gpx,2026-04-07T13:37:41Z,"c(34.376988, -18.903775)",36.55771831246366,31,4.245412449189328,3.988934446444909,13:37,6. Back to Lauching Spot
TRACKWAY4_counting-part-2-and-way-back.gpx,2026-04-07T13:37:49Z,"c(34.376926, -18.903803)",7.227272808034444,8,3.2522727636154998,3.525761568784335,13:37,6. Back to Lauching Spot
TRACKWAY4_counting-part-2-and-way-back.gpx,2026-04-07T13:37:57Z,"c(34.376884, -18.90385)",6.8435544301070586,8,3.0795994935481765,3.0210144194496915,13:37,6. Back to Lauching Spot
TRACKWAY4_counting-part-2-and-way-back.gpx,2026-04-07T13:38:16Z,"c(34.376825, -18.903967)",14.414513617367376,19,2.731171001185398,2.208559294127367,13:38,6. Back to Lauching Spot
TRACKWAY4_counting-part-2-and-way-back.gpx,2026-04-07T13:38:57Z,"c(34.376747, -18.904006)",9.280889692663786,41,0.8149073876485275,1.7457199050271226,13:38,6. Back to Lauching Spot
TRACKWAY4_counting-part-2-and-way-back.gpx,2026-04-07T13:39:15Z,"c(34.376816, -18.903967)",8.455406631237212,18,1.6910813262474425,2.6785840697712726,13:39,6. Back to Lauching Spot
TRACKWAY4_counting-part-2-and-way-back.gpx,2026-04-07T13:39:20Z,"c(34.376889, -18.903968)",7.680227076969232,5,5.529763495417848,4.650030850109127,13:39,6. Back to Lauching Spot
TRACKWAY4_counting-part-2-and-way-back.gpx,2026-04-07T13:40:29Z,"c(34.378041, -18.904365)",128.97724813269005,69,6.72924772866209,6.860729377182898,13:40,6. Back to Lauching Spot
TRACKWAY4_counting-part-2-and-way-back.gpx,2026-04-07T13:40:37Z,"c(34.3782, -18.904436)",18.4959486832639,8,8.323176907468756,8.00456338869364,13:40,6. Back to Lauching Spot
TRACKWAY4_counting-part-2-and-way-back.gpx,2026-04-07T13:40:49Z,"c(34.378466, -18.90453)",29.870885099833576,12,8.961265529950072,8.820050108065642,13:40,6. Back to Lauching Spot
TRACKWAY4_counting-part-2-and-way-back.gpx,2026-04-07T13:41:03Z,"c(34.378789, -18.904628)",35.68330844858149,14,9.175707886778097,8.968485332007639,13:41,6. Back to Lauching Spot
TRACKWAY4_counting-part-2-and-way-back.gpx,2026-04-07T13:41:23Z,"c(34.379201, -18.904828)",48.713792107193036,20,8.768482579294746,9.235026597245987,13:41,6. Back to Lauching Spot
TRACKWAY4_counting-part-2-and-way-back.gpx,2026-04-07T13:41:31Z,"c(34.379372, -18.904937)",21.690865168144708,8,9.760889325665119,8.56613125059068,13:41,6. Back to Lauching Spot
TRACKWAY4_counting-part-2-and-way-back.gpx,2026-04-07T13:41:51Z,"c(34.37964, -18.90519)",39.82789914895652,20,7.169021846812174,7.663193868308905,13:41,6. Back to Lauching Spot
TRACKWAY4_counting-part-2-and-way-back.gpx,2026-04-07T13:42:13Z,"c(34.379932, -18.905376)",37.031319309413135,22,6.059670432449423,7.4158943933128665,13:42,6. Back to Lauching Spot
TRACKWAY4_counting-part-2-and-way-back.gpx,2026-04-07T13:42:29Z,"c(34.380151, -18.905671)",40.0844040030089,16,9.018990900677002,8.675164496729197,13:42,6. Back to Lauching Spot
TRACKWAY4_counting-part-2-and-way-back.gpx,2026-04-07T13:42:41Z,"c(34.380364, -18.90593)",36.48944052353722,12,10.946832157061165,11.668678371722047,13:42,6. Back to Lauching Spot
TRACKWAY4_counting-part-2-and-way-back.gpx,2026-04-07T13:42:56Z,"c(34.380662, -18.906418)",62.66755023928322,15,15.040212057427974,15.485453246190348,13:42,6. Back to Lauching Spot
TRACKWAY4_counting-part-2-and-way-back.gpx,2026-04-07T13:43:04Z,"c(34.380891, -18.906765)",45.48736783129311,8,20.469315524081903,18.89435000288589,13:43,6. Back to Lauching Spot
TRACKWAY4_counting-part-2-and-way-back.gpx,2026-04-07T13:43:14Z,"c(34.381206, -18.907202)",58.81534007541053,10,21.17352242714779,20.87105688369558,13:43,6. Back to Lauching Spot
TRACKWAY4_counting-part-2-and-way-back.gpx,2026-04-07T13:43:20Z,"c(34.381383, -18.907468)",34.95055449976174,6,20.970332699857046,21.08467214024759,13:43,6. Back to Lauching Spot
TRACKWAY4_counting-part-2-and-way-back.gpx,2026-04-07T13:43:25Z,"c(34.381523, -18.907696)",29.319668463524906,5,21.11016129373793,21.45648653155147,13:43,6. Back to Lauching Spot
TRACKWAY4_counting-part-2-and-way-back.gpx,2026-04-07T13:43:31Z,"c(34.381674, -18.907998)",37.148276001765716,6,22.28896560105943,21.50864546665705,13:43,6. Back to Lauching Spot
TRACKWAY4_counting-part-2-and-way-back.gpx,2026-04-07T13:43:37Z,"c(34.381806, -18.908289)",35.211349175289655,6,21.126809505173792,21.64281439569785,13:43,6. Back to Lauching Spot
TRACKWAY4_counting-part-2-and-way-back.gpx,2026-04-07T13:43:50Z,"c(34.382136, -18.908914)",77.68463473644007,13,21.51266808086033,21.60337986533101,13:43,6. Back to Lauching Spot
TRACKWAY4_counting-part-2-and-way-back.gpx,2026-04-07T13:43:58Z,"c(34.382282, -18.909335)",49.26813779990869,8,22.170662009958914,22.27780060200206,13:43,6. Back to Lauching Spot
TRACKWAY4_counting-part-2-and-way-back.gpx,2026-04-07T13:44:10Z,"c(34.382461, -18.910008)",77.1669057172898,12,23.150071715186936,22.972461988485442,13:44,6. Back to Lauching Spot
TRACKWAY4_counting-part-2-and-way-back.gpx,2026-04-07T13:44:20Z,"c(34.382649, -18.91057)",65.54625622308464,10,23.596652240310473,23.50856014572684,13:44,6. Back to Lauching Spot
TRACKWAY4_counting-part-2-and-way-back.gpx,2026-04-07T13:44:24Z,"c(34.382716, -18.910799)",26.421062757425677,4,23.77895648168311,23.64822263471879,13:44,6. Back to Lauching Spot
TRACKWAY4_counting-part-2-and-way-back.gpx,2026-04-07T13:44:32Z,"c(34.382813, -18.911261)",52.37568707147284,8,23.56905918216278,23.526313722561817,13:44,6. Back to Lauching Spot
TRACKWAY4_counting-part-2-and-way-back.gpx,2026-04-07T13:44:38Z,"c(34.38287, -18.911605)",38.718209173065944,6,23.230925503839565,23.470263253990133,13:44,6. Back to Lauching Spot
TRACKWAY4_counting-part-2-and-way-back.gpx,2026-04-07T13:44:42Z,"c(34.38293, -18.911834)",26.234227862186724,4,23.610805075968052,23.378945621021323,13:44,6. Back to Lauching Spot
TRACKWAY4_counting-part-2-and-way-back.gpx,2026-04-07T13:45:03Z,"c(34.383349, -18.91299)",135.88811998566206,21,23.295106283256352,23.53795118777519,13:45,6. Back to Lauching Spot
TRACKWAY4_counting-part-2-and-way-back.gpx,2026-04-07T13:45:07Z,"c(34.383409, -18.91322)",26.342158004556843,4,23.70794220410116,23.681480759869988,13:45,6. Back to Lauching Spot
TRACKWAY4_counting-part-2-and-way-back.gpx,2026-04-07T13:45:13Z,"c(34.383529, -18.913562)",40.06898965375408,6,24.04139379225245,24.271676931781364,13:45,6. Back to Lauching Spot
TRACKWAY4_counting-part-2-and-way-back.gpx,2026-04-07T13:45:16Z,"c(34.383569, -18.913746)",20.888078999158736,3,25.065694798990485,24.45090637655394,13:45,6. Back to Lauching Spot
TRACKWAY4_counting-part-2-and-way-back.gpx,2026-04-07T13:45:20Z,"c(34.383604, -18.913986)",26.9395894871321,4,24.24563053841889,24.724634644345546,13:45,6. Back to Lauching Spot
TRACKWAY4_counting-part-2-and-way-back.gpx,2026-04-07T13:45:35Z,"c(34.383691, -18.914914)",103.59407748178025,15,24.86257859562726,24.57584421640055,13:45,6. Back to Lauching Spot
TRACKWAY4_counting-part-2-and-way-back.gpx,2026-04-07T13:45:37Z,"c(34.38369, -18.915037)",13.677401952864168,2,24.619323515155504,24.862629134783674,13:45,6. Back to Lauching Spot
TRACKWAY4_counting-part-2-and-way-back.gpx,2026-04-07T13:45:38Z,"c(34.3837, -18.915099)",6.973884803768961,1,25.10598529356826,24.717302739350945,13:45,6. Back to Lauching Spot
TRACKWAY4_counting-part-2-and-way-back.gpx,2026-04-07T13:45:47Z,"c(34.383685, -18.915648)",61.06649852332267,9,24.426599409329068,27.52503073258037,13:45,6. Back to Lauching Spot
TRACKWAY4_counting-part-2-and-way-back.gpx,2026-04-07T13:45:48Z,"c(34.383695, -18.91573)",9.17847430412327,1,33.042507494843775,25.037452121465165,13:45,6. Back to Lauching Spot
TRACKWAY4_counting-part-2-and-way-back.gpx,2026-04-07T13:45:50Z,"c(34.38368, -18.915817)",9.801805255679252,2,17.643249460222656,23.78900928233533,13:45,6. Back to Lauching Spot
TRACKWAY4_counting-part-2-and-way-back.gpx,2026-04-07T13:45:58Z,"c(34.383663, -18.91623)",45.958379759865686,8,20.68127089193956,18.384992440384927,13:45,6. Back to Lauching Spot
TRACKWAY4_counting-part-2-and-way-back.gpx,2026-04-07T13:46:02Z,"c(34.383642, -18.916397)",18.700507743325073,4,16.830456968992564,18.31480289444012,13:46,6. Back to Lauching Spot
TRACKWAY4_counting-part-2-and-way-back.gpx,2026-04-07T13:46:12Z,"c(34.383557, -18.916825)",48.42411339552289,10,17.43268082238824,16.51186432040494,13:46,6. Back to Lauching Spot
TRACKWAY4_counting-part-2-and-way-back.gpx,2026-04-07T13:46:17Z,"c(34.383539, -18.917015)",21.211743291436132,5,15.272455169834014,15.032192711265155,13:46,6. Back to Lauching Spot
TRACKWAY4_counting-part-2-and-way-back.gpx,2026-04-07T13:46:31Z,"c(34.383558, -18.917448)",48.18894166167362,14,12.391442141573215,12.631397575401133,13:46,6. Back to Lauching Spot
TRACKWAY4_counting-part-2-and-way-back.gpx,2026-04-07T13:46:40Z,"c(34.383556, -18.917678)",25.57573853699042,9,10.230295414796169,9.560285133430723,13:46,6. Back to Lauching Spot
TRACKWAY4_counting-part-2-and-way-back.gpx,2026-04-07T13:46:47Z,"c(34.383571, -18.917783)",11.781618029849863,7,6.059117843922786,8.4581747809054,13:46,6. Back to Lauching Spot
TRACKWAY4_counting-part-2-and-way-back.gpx,2026-04-07T13:46:52Z,"c(34.38356, -18.917896)",12.618209838885061,5,9.085111083997244,8.217982911735769,13:46,6. Back to Lauching Spot
TRACKWAY4_counting-part-2-and-way-back.gpx,2026-04-07T13:47:06Z,"c(34.383468, -18.918217)",36.98224369500606,14,9.509719807287274,9.385863297417387,13:47,6. Back to Lauching Spot
TRACKWAY4_counting-part-2-and-way-back.gpx,2026-04-07T13:47:12Z,"c(34.383379, -18.918333)",15.93793166827941,6,9.562759000967645,9.297935820930478,13:47,6. Back to Lauching Spot
TRACKWAY4_counting-part-2-and-way-back.gpx,2026-04-07T13:47:16Z,"c(34.383303, -18.918384)",9.801476282818347,4,8.821328654536513,8.4619797015699465,13:47,6. Back to Lauching Spot
TRACKWAY4_counting-part-2-and-way-back.gpx,2026-04-07T13:47:24Z,"c(34.383251, -18.918515)",15.559669887123732,8,7.00185144920568,6.74478948984645,13:47,6. Back to Lauching Spot
TRACKWAY4_counting-part-2-and-way-back.gpx,2026-04-07T13:47:43Z,"c(34.383296, -18.91872)",23.281271930596116,19,4.411188365797159,4.481852489647514,13:47,6. Back to Lauching Spot
TRACKWAY4_counting-part-2-and-way-back.gpx,2026-04-07T13:48:03Z,"c(34.383331, -18.918816)",11.29176474410945,20,2.032517653939701,2.697087553263186,13:48,6. Back to Lauching Spot
TRACKWAY4_counting-part-2-and-way-back.gpx,2026-04-07T13:48:30Z,"c(34.383441, -18.918777)",12.356674800395234,27,1.647556640052698,5.962149822802938,13:48,6. Back to Lauching Spot
TRACKWAY4_counting-part-2-and-way-back.gpx,2026-04-07T13:48:33Z,"c(34.383339, -18.918822)",11.838645978680347,3,14.206375174416417,8.236493256541262,13:48,6. Back to Lauching Spot
TRACKWAY4_counting-part-2-and-way-back.gpx,2026-04-07T13:48:36Z,"c(34.38327, -18.918834)",7.379623295962227,3,8.855547955154673,9.765734418291846,13:48,6. Back to Lauching Spot
TRACKWAY4_counting-part-2-and-way-back.gpx,2026-04-07T13:48:39Z,"c(34.383227, -18.918857)",5.196066771087038,3,6.235280125304445,6.415438238384465,13:48,6. Back to Lauching Spot
TRACKWAY4_counting-part-2-and-way-back.gpx,2026-04-07T13:48:42Z,"c(34.383215, -18.918886)",3.462905528911896,3,4.155486634694276,4.889371688508756,13:48,6. Back to Lauching Spot
TRACKWAY4_counting-part-2-and-way-back.gpx,2026-04-07T13:48:45Z,"c(34.383217, -18.918918)",3.5644569212729555,3,4.277348305527547,3.309605719706107,13:48,6. Back to Lauching Spot
TRACKWAY4_counting-part-2-and-way-back.gpx,2026-04-07T13:49:31Z,"c(34.383244, -18.919088)",19.115328352566372,46,1.4959822188964986,2.0079330683169028,13:49,6. Back to Lauching Spot
